timestamp,hour,day_of_week,is_weekend,current_occupancy_rate,distance_cm,battery_level,signal_strength,recent_event_count,avg_recent_distance,target_occupancy_rate_next_30min,occupied_spots_estimate
2026-05-20T14:00:00+00:00,14,2,0,0.35,142.07,93.17,-59,4,139.58,0.4183,7
2026-05-20T14:30:00+00:00,14,2,0,0.4183,175.48,87.76,-60,4,174.8,0.5304,8
2026-05-20T15:00:00+00:00,15,2,0,0.5304,171.92,86.39,-66,2,168.11,0.6769,11
2026-05-20T15:30:00+00:00,15,2,0,0.6769,23.41,87.13,-50,3,34.19,0.8431,14
2026-05-20T16:00:00+00:00,16,2,0,0.8431,19.32,92.81,-58,7,12.24,0.9339,17
2026-05-20T16:30:00+00:00,16,2,0,0.9339,22.17,86.05,-57,5,17.15,0.98,19
2026-05-20T17:00:00+00:00,17,2,0,0.98,26.38,87.76,-47,3,46.85,0.98,20
2026-05-20T17:30:00+00:00,17,2,0,0.98,27.31,76.69,-57,4,27.14,0.98,20
2026-05-20T18:00:00+00:00,18,2,0,0.98,29.15,77.56,-72,2,21.41,0.98,20
2026-05-20T18:30:00+00:00,18,2,0,0.98,29.17,77.25,-62,2,30.53,0.98,20
2026-05-20T19:00:00+00:00,19,2,0,0.98,33.02,77.34,-56,5,31.79,0.7904,20
2026-05-20T19:30:00+00:00,19,2,0,0.7904,23.29,94.22,-70,5,27.01,0.6443,16
2026-05-20T20:00:00+00:00,20,2,0,0.6443,166.72,80.43,-71,6,171.42,0.5392,13
2026-05-20T20:30:00+00:00,20,2,0,0.5392,154.37,82.94,-48,4,156.37,0.3409,11
2026-05-20T21:00:00+00:00,21,2,0,0.3409,140.86,81.77,-57,4,152.03,0.1784,7
2026-05-20T21:30:00+00:00,21,2,0,0.1784,26.07,85.9,-55,3,8.0,0.0663,4
2026-05-20T22:00:00+00:00,22,2,0,0.0663,179.46,95.31,-73,6,187.02,0.05,1
2026-05-20T22:30:00+00:00,22,2,0,0.05,170.83,76.55,-56,6,181.96,0.05,1
2026-05-20T23:00:00+00:00,23,2,0,0.05,174.36,73.52,-81,2,180.91,0.05,1
2026-05-20T23:30:00+00:00,23,2,0,0.05,222.13,88.77,-50,3,202.45,0.05,1
2026-05-21T00:00:00+00:00,0,3,0,0.05,181.82,83.74,-72,8,194.21,0.0607,1
2026-05-21T00:30:00+00:00,0,3,0,0.0607,183.83,73.23,-66,4,177.01,0.05,1
2026-05-21T01:00:00+00:00,1,3,0,0.05,170.93,63.98,-61,6,175.9,0.05,1
2026-05-21T01:30:00+00:00,1,3,0,0.05,161.16,100.0,-72,6,167.11,0.1167,1
2026-05-21T02:00:00+00:00,2,3,0,0.1167,187.09,86.57,-70,7,180.2,0.05,2
2026-05-21T02:30:00+00:00,2,3,0,0.05,171.47,82.35,-49,7,176.53,0.05,1
2026-05-21T03:00:00+00:00,3,3,0,0.05,195.06,90.88,-58,4,165.08,0.05,1
2026-05-21T03:30:00+00:00,3,3,0,0.05,172.61,88.22,-62,5,160.74,0.05,1
2026-05-21T04:00:00+00:00,4,3,0,0.05,181.52,83.11,-63,5,181.81,0.05,1
2026-05-21T04:30:00+00:00,4,3,0,0.05,198.59,77.88,-58,6,199.43,0.05,1
2026-05-21T05:00:00+00:00,5,3,0,0.05,197.28,73.4,-64,5,191.99,0.05,1
2026-05-21T05:30:00+00:00,5,3,0,0.05,157.94,69.7,-69,3,153.61,0.05,1
2026-05-21T06:00:00+00:00,6,3,0,0.05,165.42,76.22,-74,4,163.71,0.05,1
2026-05-21T06:30:00+00:00,6,3,0,0.05,209.56,98.63,-74,6,215.65,0.0649,1
2026-05-21T07:00:00+00:00,7,3,0,0.0649,230.76,89.83,-59,2,221.79,0.264,1
2026-05-21T07:30:00+00:00,7,3,0,0.264,153.39,81.01,-62,6,152.53,0.472,5
2026-05-21T08:00:00+00:00,8,3,0,0.472,183.46,72.69,-58,9,189.97,0.6412,9
2026-05-21T08:30:00+00:00,8,3,0,0.6412,16.94,67.37,-59,5,11.44,0.7633,13
2026-05-21T09:00:00+00:00,9,3,0,0.7633,24.65,82.26,-59,8,21.93,0.8598,15
2026-05-21T09:30:00+00:00,9,3,0,0.8598,22.01,80.04,-57,2,31.14,0.98,17
2026-05-21T10:00:00+00:00,10,3,0,0.98,25.02,70.71,-46,6,26.4,0.98,20
2026-05-21T10:30:00+00:00,10,3,0,0.98,21.4,84.27,-72,5,15.97,0.98,20
2026-05-21T11:00:00+00:00,11,3,0,0.98,25.07,100.0,-58,5,25.43,0.98,20
2026-05-21T11:30:00+00:00,11,3,0,0.98,30.41,82.51,-51,4,16.22,0.98,20
2026-05-21T12:00:00+00:00,12,3,0,0.98,22.9,87.02,-72,4,24.5,0.98,20
2026-05-21T12:30:00+00:00,12,3,0,0.98,24.35,88.98,-69,3,23.22,0.98,20
2026-05-21T13:00:00+00:00,13,3,0,0.98,22.66,80.15,-73,4,18.18,0.98,20
2026-05-21T13:30:00+00:00,13,3,0,0.98,25.83,85.04,-73,2,22.26,0.98,20
2026-05-21T14:00:00+00:00,14,3,0,0.98,21.38,58.8,-68,5,24.93,0.98,20
2026-05-21T14:30:00+00:00,14,3,0,0.98,23.09,88.66,-66,1,31.25,0.98,20
2026-05-21T15:00:00+00:00,15,3,0,0.98,30.78,88.1,-57,8,21.96,0.98,20
2026-05-21T15:30:00+00:00,15,3,0,0.98,20.13,98.09,-69,3,22.27,0.98,20
2026-05-21T16:00:00+00:00,16,3,0,0.98,21.6,86.03,-76,3,14.9,0.98,20
2026-05-21T16:30:00+00:00,16,3,0,0.98,31.38,89.26,-64,4,38.37,0.98,20
2026-05-21T17:00:00+00:00,17,3,0,0.98,29.52,73.93,-83,4,30.16,0.98,20
2026-05-21T17:30:00+00:00,17,3,0,0.98,23.07,86.47,-60,7,8.0,0.98,20
2026-05-21T18:00:00+00:00,18,3,0,0.98,26.43,88.35,-67,4,28.03,0.98,20
2026-05-21T18:30:00+00:00,18,3,0,0.98,19.56,82.93,-59,8,22.53,0.98,20
2026-05-21T19:00:00+00:00,19,3,0,0.98,20.89,74.33,-69,4,37.08,0.8789,20
2026-05-21T19:30:00+00:00,19,3,0,0.8789,22.11,85.93,-59,6,28.12,0.7449,18
2026-05-21T20:00:00+00:00,20,3,0,0.7449,27.92,76.38,-60,2,28.68,0.5974,15
2026-05-21T20:30:00+00:00,20,3,0,0.5974,239.29,93.77,-59,3,242.33,0.4305,12
2026-05-21T21:00:00+00:00,21,3,0,0.4305,24.52,68.45,-71,1,39.83,0.3579,9
2026-05-21T21:30:00+00:00,21,3,0,0.3579,175.95,70.31,-63,3,168.19,0.2568,7
2026-05-21T22:00:00+00:00,22,3,0,0.2568,176.39,75.81,-72,5,186.17,0.139,5
2026-05-21T22:30:00+00:00,22,3,0,0.139,176.75,80.73,-69,8,179.95,0.05,3
2026-05-21T23:00:00+00:00,23,3,0,0.05,176.56,93.84,-63,1,165.54,0.05,1
2026-05-21T23:30:00+00:00,23,3,0,0.05,182.82,83.19,-56,7,177.41,0.05,1
2026-05-22T00:00:00+00:00,0,4,0,0.05,158.47,86.71,-76,5,160.98,0.05,1
2026-05-22T00:30:00+00:00,0,4,0,0.05,187.62,81.0,-53,3,178.74,0.05,1
2026-05-22T01:00:00+00:00,1,4,0,0.05,154.11,89.28,-61,1,146.75,0.05,1
2026-05-22T01:30:00+00:00,1,4,0,0.05,209.45,98.46,-59,2,200.4,0.05,1
2026-05-22T02:00:00+00:00,2,4,0,0.05,205.31,66.66,-60,6,207.84,0.05,1
2026-05-22T02:30:00+00:00,2,4,0,0.05,180.65,86.88,-69,2,184.03,0.1294,1
2026-05-22T03:00:00+00:00,3,4,0,0.1294,198.51,78.99,-51,5,202.79,0.1256,3
2026-05-22T03:30:00+00:00,3,4,0,0.1256,176.36,96.72,-64,7,183.43,0.1062,3
2026-05-22T04:00:00+00:00,4,4,0,0.1062,158.23,84.09,-68,5,157.67,0.05,2
2026-05-22T04:30:00+00:00,4,4,0,0.05,152.98,73.92,-57,8,154.84,0.05,1
2026-05-22T05:00:00+00:00,5,4,0,0.05,152.68,67.02,-65,1,150.5,0.05,1
2026-05-22T05:30:00+00:00,5,4,0,0.05,164.98,86.16,-70,2,165.37,0.05,1
2026-05-22T06:00:00+00:00,6,4,0,0.05,141.1,82.73,-44,5,151.35,0.1187,1
2026-05-22T06:30:00+00:00,6,4,0,0.1187,201.02,84.26,-66,4,201.98,0.1131,2
2026-05-22T07:00:00+00:00,7,4,0,0.1131,22.88,81.68,-64,4,29.33,0.3102,2
2026-05-22T07:30:00+00:00,7,4,0,0.3102,155.26,75.78,-63,5,138.95,0.486,6
2026-05-22T08:00:00+00:00,8,4,0,0.486,161.96,90.92,-55,3,159.12,0.703,10
2026-05-22T08:30:00+00:00,8,4,0,0.703,200.69,88.51,-57,4,211.83,0.834,14
2026-05-22T09:00:00+00:00,9,4,0,0.834,26.89,68.76,-67,5,26.8,0.98,17
2026-05-22T09:30:00+00:00,9,4,0,0.98,25.47,71.38,-66,3,44.26,0.98,20
2026-05-22T10:00:00+00:00,10,4,0,0.98,28.86,87.25,-76,6,34.55,0.98,20
2026-05-22T10:30:00+00:00,10,4,0,0.98,24.42,70.92,-69,5,19.73,0.98,20
2026-05-22T11:00:00+00:00,11,4,0,0.98,25.09,79.02,-54,5,27.92,0.98,20
2026-05-22T11:30:00+00:00,11,4,0,0.98,27.99,87.95,-66,5,29.58,0.98,20
2026-05-22T12:00:00+00:00,12,4,0,0.98,21.95,70.91,-63,4,10.24,0.98,20
2026-05-22T12:30:00+00:00,12,4,0,0.98,12.44,83.47,-62,6,8.0,0.98,20
2026-05-22T13:00:00+00:00,13,4,0,0.98,18.5,86.33,-70,2,20.85,0.98,20
2026-05-22T13:30:00+00:00,13,4,0,0.98,20.35,80.74,-66,1,27.0,0.98,20
2026-05-22T14:00:00+00:00,14,4,0,0.98,29.23,69.46,-69,5,26.87,0.98,20
2026-05-22T14:30:00+00:00,14,4,0,0.98,23.88,90.09,-48,4,26.95,0.98,20
2026-05-22T15:00:00+00:00,15,4,0,0.98,23.45,85.09,-55,3,38.65,0.98,20
2026-05-22T15:30:00+00:00,15,4,0,0.98,15.0,81.91,-72,6,22.65,0.98,20
2026-05-22T16:00:00+00:00,16,4,0,0.98,23.7,85.5,-81,4,19.36,0.98,20
2026-05-22T16:30:00+00:00,16,4,0,0.98,26.98,80.46,-58,9,39.44,0.98,20
2026-05-22T17:00:00+00:00,17,4,0,0.98,22.54,75.83,-71,5,34.32,0.98,20
2026-05-22T17:30:00+00:00,17,4,0,0.98,19.01,72.27,-58,3,13.29,0.98,20
2026-05-22T18:00:00+00:00,18,4,0,0.98,23.82,80.16,-61,3,24.28,0.98,20
2026-05-22T18:30:00+00:00,18,4,0,0.98,14.48,76.76,-58,7,17.39,0.98,20
2026-05-22T19:00:00+00:00,19,4,0,0.98,29.12,83.68,-59,1,36.26,0.9171,20
2026-05-22T19:30:00+00:00,19,4,0,0.9171,183.76,74.21,-71,5,186.23,0.8064,18
2026-05-22T20:00:00+00:00,20,4,0,0.8064,210.32,80.09,-65,3,221.51,0.661,16
2026-05-22T20:30:00+00:00,20,4,0,0.661,23.69,74.62,-50,5,21.45,0.5857,13
2026-05-22T21:00:00+00:00,21,4,0,0.5857,175.08,94.34,-72,2,186.36,0.4522,12
2026-05-22T21:30:00+00:00,21,4,0,0.4522,197.6,71.14,-69,5,195.83,0.3151,9
2026-05-22T22:00:00+00:00,22,4,0,0.3151,178.3,90.01,-54,3,176.45,0.2073,6
2026-05-22T22:30:00+00:00,22,4,0,0.2073,27.75,86.52,-60,4,34.71,0.0822,4
2026-05-22T23:00:00+00:00,23,4,0,0.0822,176.6,84.79,-68,4,184.45,0.0707,2
2026-05-22T23:30:00+00:00,23,4,0,0.0707,192.06,87.32,-71,3,197.76,0.05,1
2026-05-23T00:00:00+00:00,0,5,1,0.05,203.92,81.21,-80,3,192.12,0.05,1
2026-05-23T00:30:00+00:00,0,5,1,0.05,182.37,63.46,-76,4,168.13,0.0558,1
2026-05-23T01:00:00+00:00,1,5,1,0.0558,177.14,81.49,-72,2,161.95,0.0535,1
2026-05-23T01:30:00+00:00,1,5,1,0.0535,175.25,79.74,-72,5,155.64,0.05,1
2026-05-23T02:00:00+00:00,2,5,1,0.05,169.83,83.74,-66,5,179.8,0.05,1
2026-05-23T02:30:00+00:00,2,5,1,0.05,204.97,95.84,-62,2,213.01,0.0649,1
2026-05-23T03:00:00+00:00,3,5,1,0.0649,214.5,77.85,-73,3,213.98,0.05,1
2026-05-23T03:30:00+00:00,3,5,1,0.05,197.64,65.44,-55,4,199.24,0.0613,1
2026-05-23T04:00:00+00:00,4,5,1,0.0613,187.43,95.5,-79,3,176.66,0.05,1
2026-05-23T04:30:00+00:00,4,5,1,0.05,228.62,82.73,-55,3,230.19,0.05,1
2026-05-23T05:00:00+00:00,5,5,1,0.05,175.44,94.46,-54,6,191.22,0.05,1
2026-05-23T05:30:00+00:00,5,5,1,0.05,172.37,93.39,-56,7,167.6,0.05,1
2026-05-23T06:00:00+00:00,6,5,1,0.05,205.95,74.59,-70,5,217.11,0.05,1
2026-05-23T06:30:00+00:00,6,5,1,0.05,140.95,79.83,-61,5,125.82,0.05,1
2026-05-23T07:00:00+00:00,7,5,1,0.05,22.13,91.58,-78,3,29.21,0.238,1
2026-05-23T07:30:00+00:00,7,5,1,0.238,176.92,80.13,-58,4,182.35,0.3971,5
2026-05-23T08:00:00+00:00,8,5,1,0.3971,228.83,86.0,-65,3,234.43,0.4576,8
2026-05-23T08:30:00+00:00,8,5,1,0.4576,137.42,83.94,-67,4,137.4,0.5756,9
2026-05-23T09:00:00+00:00,9,5,1,0.5756,158.4,81.08,-67,1,148.71,0.6913,12
2026-05-23T09:30:00+00:00,9,5,1,0.6913,25.04,78.76,-65,4,8.0,0.8116,14
2026-05-23T10:00:00+00:00,10,5,1,0.8116,23.36,75.87,-59,4,29.03,0.8866,16
2026-05-23T10:30:00+00:00,10,5,1,0.8866,27.26,83.83,-73,4,28.01,0.98,18
2026-05-23T11:00:00+00:00,11,5,1,0.98,30.28,88.16,-81,2,34.98,0.98,20
2026-05-23T11:30:00+00:00,11,5,1,0.98,29.53,79.85,-53,7,29.08,0.98,20
2026-05-23T12:00:00+00:00,12,5,1,0.98,25.78,69.54,-66,1,23.02,0.98,20
2026-05-23T12:30:00+00:00,12,5,1,0.98,18.95,78.82,-47,2,19.94,0.98,20
2026-05-23T13:00:00+00:00,13,5,1,0.98,199.7,84.48,-61,5,204.31,0.98,20
2026-05-23T13:30:00+00:00,13,5,1,0.98,23.66,85.18,-58,5,29.18,0.9735,20
2026-05-23T14:00:00+00:00,14,5,1,0.9735,23.56,81.31,-54,4,18.23,0.98,19
2026-05-23T14:30:00+00:00,14,5,1,0.98,28.28,68.66,-62,1,22.76,0.98,20
2026-05-23T15:00:00+00:00,15,5,1,0.98,19.19,79.05,-57,7,31.29,0.98,20
2026-05-23T15:30:00+00:00,15,5,1,0.98,27.94,72.75,-72,7,34.79,0.98,20
2026-05-23T16:00:00+00:00,16,5,1,0.98,20.7,73.36,-57,7,11.74,0.98,20
2026-05-23T16:30:00+00:00,16,5,1,0.98,27.5,79.28,-71,6,32.28,0.98,20
2026-05-23T17:00:00+00:00,17,5,1,0.98,28.44,71.75,-67,5,29.75,0.98,20
2026-05-23T17:30:00+00:00,17,5,1,0.98,24.07,84.41,-62,6,14.74,0.98,20
2026-05-23T18:00:00+00:00,18,5,1,0.98,26.24,77.39,-63,7,26.12,0.98,20
2026-05-23T18:30:00+00:00,18,5,1,0.98,17.47,80.62,-59,4,17.13,0.98,20
2026-05-23T19:00:00+00:00,19,5,1,0.98,27.22,71.17,-61,4,24.49,0.8827,20
2026-05-23T19:30:00+00:00,19,5,1,0.8827,27.25,78.56,-66,3,15.56,0.7894,18
2026-05-23T20:00:00+00:00,20,5,1,0.7894,21.06,85.04,-75,5,14.31,0.7314,16
2026-05-23T20:30:00+00:00,20,5,1,0.7314,162.98,83.89,-53,6,166.7,0.5899,15
2026-05-23T21:00:00+00:00,21,5,1,0.5899,24.37,81.39,-64,2,38.28,0.4693,12
2026-05-23T21:30:00+00:00,21,5,1,0.4693,27.15,75.7,-56,2,20.83,0.3185,9
2026-05-23T22:00:00+00:00,22,5,1,0.3185,155.12,76.05,-59,5,163.18,0.1266,6
2026-05-23T22:30:00+00:00,22,5,1,0.1266,169.19,80.83,-59,6,176.26,0.0541,3
2026-05-23T23:00:00+00:00,23,5,1,0.0541,153.65,77.71,-66,2,151.68,0.05,1
2026-05-23T23:30:00+00:00,23,5,1,0.05,166.99,86.04,-75,3,167.34,0.05,1
2026-05-24T00:00:00+00:00,0,6,1,0.05,184.09,73.56,-64,4,187.65,0.05,1
2026-05-24T00:30:00+00:00,0,6,1,0.05,168.76,89.54,-63,3,169.61,0.05,1
2026-05-24T01:00:00+00:00,1,6,1,0.05,159.49,78.44,-69,1,156.16,0.05,1
2026-05-24T01:30:00+00:00,1,6,1,0.05,183.79,65.25,-61,3,172.53,0.05,1
2026-05-24T02:00:00+00:00,2,6,1,0.05,197.61,83.93,-62,4,200.42,0.0516,1
2026-05-24T02:30:00+00:00,2,6,1,0.0516,174.81,71.25,-65,5,175.23,0.05,1
2026-05-24T03:00:00+00:00,3,6,1,0.05,179.21,81.65,-50,2,194.71,0.05,1
2026-05-24T03:30:00+00:00,3,6,1,0.05,184.1,86.04,-65,5,194.6,0.05,1
2026-05-24T04:00:00+00:00,4,6,1,0.05,192.47,80.67,-52,4,195.97,0.1105,1
2026-05-24T04:30:00+00:00,4,6,1,0.1105,32.74,89.94,-58,3,19.32,0.05,2
2026-05-24T05:00:00+00:00,5,6,1,0.05,193.03,81.59,-55,5,194.99,0.05,1
2026-05-24T05:30:00+00:00,5,6,1,0.05,186.39,77.12,-70,7,194.56,0.0536,1
2026-05-24T06:00:00+00:00,6,6,1,0.0536,186.24,92.24,-72,4,188.82,0.05,1
2026-05-24T06:30:00+00:00,6,6,1,0.05,154.35,86.92,-69,5,158.07,0.05,1
2026-05-24T07:00:00+00:00,7,6,1,0.05,181.66,84.94,-54,2,181.96,0.1856,1
2026-05-24T07:30:00+00:00,7,6,1,0.1856,142.86,82.9,-68,3,148.07,0.2802,4
2026-05-24T08:00:00+00:00,8,6,1,0.2802,25.62,83.85,-71,2,31.42,0.4431,6
2026-05-24T08:30:00+00:00,8,6,1,0.4431,168.5,91.1,-38,5,172.22,0.6123,9
2026-05-24T09:00:00+00:00,9,6,1,0.6123,213.4,99.43,-67,3,205.59,0.7217,12
2026-05-24T09:30:00+00:00,9,6,1,0.7217,153.91,75.81,-58,4,147.1,0.8389,14
2026-05-24T10:00:00+00:00,10,6,1,0.8389,157.59,80.2,-57,5,159.23,0.8691,17
2026-05-24T10:30:00+00:00,10,6,1,0.8691,20.8,77.64,-88,4,19.34,0.9577,17
2026-05-24T11:00:00+00:00,11,6,1,0.9577,24.48,83.48,-52,5,30.62,0.98,19
2026-05-24T11:30:00+00:00,11,6,1,0.98,24.85,79.58,-79,2,27.84,0.98,20
2026-05-24T12:00:00+00:00,12,6,1,0.98,21.02,82.16,-60,8,20.4,0.98,20
2026-05-24T12:30:00+00:00,12,6,1,0.98,28.41,99.94,-60,2,28.21,0.98,20
2026-05-24T13:00:00+00:00,13,6,1,0.98,31.03,78.86,-71,7,31.33,0.98,20
2026-05-24T13:30:00+00:00,13,6,1,0.98,18.29,74.87,-63,1,23.75,0.98,20
2026-05-24T14:00:00+00:00,14,6,1,0.98,22.33,85.16,-73,3,22.97,0.98,20
2026-05-24T14:30:00+00:00,14,6,1,0.98,24.68,81.75,-54,4,28.11,0.98,20
2026-05-24T15:00:00+00:00,15,6,1,0.98,25.57,68.01,-69,7,23.07,0.98,20
2026-05-24T15:30:00+00:00,15,6,1,0.98,11.76,71.38,-70,3,8.02,0.98,20
2026-05-24T16:00:00+00:00,16,6,1,0.98,21.26,66.22,-49,7,28.07,0.98,20
2026-05-24T16:30:00+00:00,16,6,1,0.98,33.64,74.27,-53,5,26.15,0.98,20
2026-05-24T17:00:00+00:00,17,6,1,0.98,21.39,70.47,-61,3,27.27,0.98,20
2026-05-24T17:30:00+00:00,17,6,1,0.98,24.35,78.67,-66,5,42.6,0.98,20
2026-05-24T18:00:00+00:00,18,6,1,0.98,22.33,71.67,-75,1,21.49,0.98,20
2026-05-24T18:30:00+00:00,18,6,1,0.98,18.08,74.44,-58,6,8.0,0.98,20
2026-05-24T19:00:00+00:00,19,6,1,0.98,19.32,87.32,-58,1,25.68,0.9147,20
2026-05-24T19:30:00+00:00,19,6,1,0.9147,22.19,89.9,-55,5,27.63,0.7958,18
2026-05-24T20:00:00+00:00,20,6,1,0.7958,19.51,85.31,-60,4,17.11,0.7808,16
2026-05-24T20:30:00+00:00,20,6,1,0.7808,20.01,59.72,-59,7,9.85,0.7662,16
2026-05-24T21:00:00+00:00,21,6,1,0.7662,23.88,76.54,-65,6,19.08,0.6895,15
2026-05-24T21:30:00+00:00,21,6,1,0.6895,200.71,74.64,-60,2,183.0,0.5628,14
2026-05-24T22:00:00+00:00,22,6,1,0.5628,27.98,87.67,-63,1,31.14,0.441,11
2026-05-24T22:30:00+00:00,22,6,1,0.441,213.98,89.33,-74,4,219.62,0.2826,9
2026-05-24T23:00:00+00:00,23,6,1,0.2826,156.07,85.68,-60,3,139.3,0.2336,6
2026-05-24T23:30:00+00:00,23,6,1,0.2336,25.38,74.62,-71,6,22.31,0.2627,5
2026-05-25T00:00:00+00:00,0,0,0,0.2627,168.44,83.82,-59,7,165.81,0.2408,5
2026-05-25T00:30:00+00:00,0,0,0,0.2408,194.41,82.34,-76,4,193.05,0.1888,5
2026-05-25T01:00:00+00:00,1,0,0,0.1888,146.35,82.36,-68,6,145.13,0.1131,4
2026-05-25T01:30:00+00:00,1,0,0,0.1131,186.55,87.41,-59,4,179.14,0.0945,2
2026-05-25T02:00:00+00:00,2,0,0,0.0945,155.45,80.02,-62,3,158.46,0.1093,2
2026-05-25T02:30:00+00:00,2,0,0,0.1093,174.39,81.41,-57,4,170.44,0.0938,2
2026-05-25T03:00:00+00:00,3,0,0,0.0938,181.71,67.49,-76,1,181.19,0.1058,2
2026-05-25T03:30:00+00:00,3,0,0,0.1058,200.12,69.65,-75,3,203.56,0.0537,2
2026-05-25T04:00:00+00:00,4,0,0,0.0537,165.51,84.83,-64,6,158.83,0.05,1
2026-05-25T04:30:00+00:00,4,0,0,0.05,202.38,89.96,-61,6,213.17,0.05,1
2026-05-25T05:00:00+00:00,5,0,0,0.05,165.41,75.54,-54,4,151.28,0.0571,1
2026-05-25T05:30:00+00:00,5,0,0,0.0571,170.62,88.05,-62,2,174.19,0.05,1
2026-05-25T06:00:00+00:00,6,0,0,0.05,151.42,94.75,-72,1,158.06,0.05,1
2026-05-25T06:30:00+00:00,6,0,0,0.05,177.86,81.86,-60,5,178.73,0.05,1
2026-05-25T07:00:00+00:00,7,0,0,0.05,191.05,84.28,-77,7,197.18,0.2731,1
2026-05-25T07:30:00+00:00,7,0,0,0.2731,158.05,100.0,-73,3,162.48,0.5145,5
2026-05-25T08:00:00+00:00,8,0,0,0.5145,153.51,68.43,-69,6,153.25,0.6772,10
2026-05-25T08:30:00+00:00,8,0,0,0.6772,24.75,74.74,-76,2,18.4,0.9049,14
2026-05-25T09:00:00+00:00,9,0,0,0.9049,162.38,92.95,-70,6,144.17,0.98,18
2026-05-25T09:30:00+00:00,9,0,0,0.98,17.21,83.42,-64,3,15.0,0.98,20
2026-05-25T10:00:00+00:00,10,0,0,0.98,27.92,88.21,-52,4,29.24,0.98,20
2026-05-25T10:30:00+00:00,10,0,0,0.98,21.14,86.89,-67,4,22.93,0.98,20
2026-05-25T11:00:00+00:00,11,0,0,0.98,21.49,77.62,-60,4,16.82,0.98,20
2026-05-25T11:30:00+00:00,11,0,0,0.98,23.32,100.0,-73,8,25.27,0.98,20
2026-05-25T12:00:00+00:00,12,0,0,0.98,28.6,74.0,-58,5,35.68,0.98,20
2026-05-25T12:30:00+00:00,12,0,0,0.98,20.81,79.01,-67,3,16.77,0.98,20
2026-05-25T13:00:00+00:00,13,0,0,0.98,29.73,100.0,-71,3,32.31,0.98,20
2026-05-25T13:30:00+00:00,13,0,0,0.98,14.75,83.98,-54,7,14.6,0.98,20
2026-05-25T14:00:00+00:00,14,0,0,0.98,18.38,80.86,-56,5,13.78,0.98,20
2026-05-25T14:30:00+00:00,14,0,0,0.98,24.52,84.36,-62,7,25.52,0.98,20
2026-05-25T15:00:00+00:00,15,0,0,0.98,26.33,68.02,-55,8,26.49,0.98,20
2026-05-25T15:30:00+00:00,15,0,0,0.98,26.67,75.16,-63,6,20.34,0.98,20
2026-05-25T16:00:00+00:00,16,0,0,0.98,21.72,79.37,-73,7,19.52,0.98,20
2026-05-25T16:30:00+00:00,16,0,0,0.98,21.63,94.71,-72,5,38.29,0.98,20
2026-05-25T17:00:00+00:00,17,0,0,0.98,20.39,78.12,-65,3,23.07,0.98,20
2026-05-25T17:30:00+00:00,17,0,0,0.98,29.2,82.89,-61,8,15.16,0.98,20
2026-05-25T18:00:00+00:00,18,0,0,0.98,18.47,82.54,-78,1,17.71,0.98,20
2026-05-25T18:30:00+00:00,18,0,0,0.98,13.75,84.27,-50,1,19.66,0.98,20
2026-05-25T19:00:00+00:00,19,0,0,0.98,27.93,83.26,-66,7,27.99,0.87,20
2026-05-25T19:30:00+00:00,19,0,0,0.87,24.78,85.37,-69,8,14.86,0.8002,17
2026-05-25T20:00:00+00:00,20,0,0,0.8002,23.27,76.29,-57,4,8.0,0.6594,16
2026-05-25T20:30:00+00:00,20,0,0,0.6594,21.77,92.86,-69,3,14.39,0.5858,13
2026-05-25T21:00:00+00:00,21,0,0,0.5858,26.78,73.91,-58,2,31.78,0.5313,12
2026-05-25T21:30:00+00:00,21,0,0,0.5313,21.91,65.42,-79,4,13.31,0.3895,11
2026-05-25T22:00:00+00:00,22,0,0,0.3895,148.8,69.94,-66,8,142.49,0.3024,8
2026-05-25T22:30:00+00:00,22,0,0,0.3024,161.65,85.77,-67,5,162.5,0.2021,6
2026-05-25T23:00:00+00:00,23,0,0,0.2021,29.4,81.3,-58,4,29.92,0.1508,4
2026-05-25T23:30:00+00:00,23,0,0,0.1508,170.89,82.52,-69,6,164.2,0.0568,3
2026-05-26T00:00:00+00:00,0,1,0,0.0568,192.26,75.03,-65,2,184.9,0.05,1
2026-05-26T00:30:00+00:00,0,1,0,0.05,157.36,69.85,-65,5,153.3,0.05,1
2026-05-26T01:00:00+00:00,1,1,0,0.05,161.99,81.38,-72,5,161.38,0.05,1
2026-05-26T01:30:00+00:00,1,1,0,0.05,158.55,79.25,-61,3,158.99,0.05,1
2026-05-26T02:00:00+00:00,2,1,0,0.05,193.24,78.35,-67,8,196.39,0.05,1
2026-05-26T02:30:00+00:00,2,1,0,0.05,174.06,90.69,-64,2,166.26,0.05,1
2026-05-26T03:00:00+00:00,3,1,0,0.05,189.19,75.31,-65,4,175.23,0.05,1
2026-05-26T03:30:00+00:00,3,1,0,0.05,175.6,74.29,-62,4,168.87,0.05,1
2026-05-26T04:00:00+00:00,4,1,0,0.05,151.34,91.23,-54,2,147.33,0.0714,1
2026-05-26T04:30:00+00:00,4,1,0,0.0714,150.89,72.79,-48,3,146.05,0.05,1
2026-05-26T05:00:00+00:00,5,1,0,0.05,165.07,73.01,-61,5,173.41,0.05,1
2026-05-26T05:30:00+00:00,5,1,0,0.05,181.46,77.13,-61,5,183.04,0.05,1
2026-05-26T06:00:00+00:00,6,1,0,0.05,174.54,87.24,-55,6,179.9,0.05,1
2026-05-26T06:30:00+00:00,6,1,0,0.05,170.72,72.08,-64,7,160.11,0.05,1
2026-05-26T07:00:00+00:00,7,1,0,0.05,167.47,89.37,-64,6,169.3,0.1888,1
2026-05-26T07:30:00+00:00,7,1,0,0.1888,165.68,65.73,-71,3,167.86,0.3822,4
2026-05-26T08:00:00+00:00,8,1,0,0.3822,203.01,73.31,-80,1,204.93,0.5133,8
2026-05-26T08:30:00+00:00,8,1,0,0.5133,201.36,85.96,-62,6,190.53,0.6412,10
2026-05-26T09:00:00+00:00,9,1,0,0.6412,27.54,88.1,-75,1,29.97,0.8449,13
2026-05-26T09:30:00+00:00,9,1,0,0.8449,20.63,82.91,-56,6,10.7,0.98,17
2026-05-26T10:00:00+00:00,10,1,0,0.98,26.06,87.58,-72,3,27.92,0.98,20
2026-05-26T10:30:00+00:00,10,1,0,0.98,21.98,86.39,-68,4,15.35,0.98,20
2026-05-26T11:00:00+00:00,11,1,0,0.98,24.84,82.94,-68,3,23.81,0.98,20
2026-05-26T11:30:00+00:00,11,1,0,0.98,20.41,87.66,-55,6,25.99,0.98,20
2026-05-26T12:00:00+00:00,12,1,0,0.98,25.68,68.83,-67,2,10.54,0.98,20
2026-05-26T12:30:00+00:00,12,1,0,0.98,21.25,85.96,-60,5,17.16,0.98,20
2026-05-26T13:00:00+00:00,13,1,0,0.98,15.76,87.75,-74,6,23.66,0.98,20
2026-05-26T13:30:00+00:00,13,1,0,0.98,23.91,82.95,-66,7,11.36,0.98,20
2026-05-26T14:00:00+00:00,14,1,0,0.98,22.85,80.01,-67,6,28.4,0.98,20
2026-05-26T14:30:00+00:00,14,1,0,0.98,22.34,80.9,-57,4,32.91,0.98,20
2026-05-26T15:00:00+00:00,15,1,0,0.98,24.69,90.26,-63,5,21.07,0.98,20
2026-05-26T15:30:00+00:00,15,1,0,0.98,28.01,73.66,-66,8,26.53,0.98,20
2026-05-26T16:00:00+00:00,16,1,0,0.98,26.34,80.84,-66,8,18.88,0.98,20
2026-05-26T16:30:00+00:00,16,1,0,0.98,29.11,74.41,-57,5,28.42,0.98,20
2026-05-26T17:00:00+00:00,17,1,0,0.98,27.12,87.02,-60,3,24.93,0.98,20
2026-05-26T17:30:00+00:00,17,1,0,0.98,26.29,91.56,-65,3,20.34,0.98,20
2026-05-26T18:00:00+00:00,18,1,0,0.98,19.29,70.46,-68,7,29.66,0.98,20
2026-05-26T18:30:00+00:00,18,1,0,0.98,27.49,80.83,-59,9,26.11,0.98,20
2026-05-26T19:00:00+00:00,19,1,0,0.98,23.59,81.04,-77,6,32.56,0.8077,20
2026-05-26T19:30:00+00:00,19,1,0,0.8077,173.54,93.4,-58,8,160.81,0.7007,16
2026-05-26T20:00:00+00:00,20,1,0,0.7007,25.84,75.34,-63,7,35.69,0.5338,14
2026-05-26T20:30:00+00:00,20,1,0,0.5338,26.27,82.41,-48,4,27.2,0.4282,11
2026-05-26T21:00:00+00:00,21,1,0,0.4282,171.29,89.85,-64,4,155.34,0.3046,9
2026-05-26T21:30:00+00:00,21,1,0,0.3046,21.58,59.3,-61,2,8.0,0.1858,6
2026-05-26T22:00:00+00:00,22,1,0,0.1858,202.17,84.13,-59,3,201.69,0.05,4
2026-05-26T22:30:00+00:00,22,1,0,0.05,135.65,81.79,-56,8,142.32,0.05,1
2026-05-26T23:00:00+00:00,23,1,0,0.05,183.02,66.28,-72,4,180.78,0.05,1
2026-05-26T23:30:00+00:00,23,1,0,0.05,154.61,78.04,-71,7,142.75,0.05,1
2026-05-27T00:00:00+00:00,0,2,0,0.05,162.58,84.96,-64,4,148.41,0.05,1
2026-05-27T00:30:00+00:00,0,2,0,0.05,185.39,70.24,-60,6,196.53,0.05,1
2026-05-27T01:00:00+00:00,1,2,0,0.05,197.88,73.54,-71,4,188.73,0.05,1
2026-05-27T01:30:00+00:00,1,2,0,0.05,136.39,64.8,-70,5,141.83,0.0573,1
2026-05-27T02:00:00+00:00,2,2,0,0.0573,19.71,85.34,-74,3,8.0,0.0636,1
2026-05-27T02:30:00+00:00,2,2,0,0.0636,168.47,96.16,-64,5,169.72,0.05,1
2026-05-27T03:00:00+00:00,3,2,0,0.05,195.0,75.16,-66,5,184.2,0.0633,1
2026-05-27T03:30:00+00:00,3,2,0,0.0633,190.09,80.21,-42,8,172.47,0.05,1
2026-05-27T04:00:00+00:00,4,2,0,0.05,186.84,93.12,-87,2,199.18,0.05,1
2026-05-27T04:30:00+00:00,4,2,0,0.05,213.1,71.73,-56,4,214.77,0.05,1
2026-05-27T05:00:00+00:00,5,2,0,0.05,21.99,88.2,-69,5,25.87,0.05,1
2026-05-27T05:30:00+00:00,5,2,0,0.05,203.02,68.4,-70,2,204.76,0.05,1
2026-05-27T06:00:00+00:00,6,2,0,0.05,204.53,93.36,-82,2,204.37,0.1082,1
2026-05-27T06:30:00+00:00,6,2,0,0.1082,207.32,87.64,-66,6,210.14,0.05,2
2026-05-27T07:00:00+00:00,7,2,0,0.05,189.36,81.45,-62,6,170.0,0.1793,1
2026-05-27T07:30:00+00:00,7,2,0,0.1793,180.23,83.22,-66,5,175.73,0.4186,4
2026-05-27T08:00:00+00:00,8,2,0,0.4186,24.69,76.48,-62,3,19.94,0.5693,8
2026-05-27T08:30:00+00:00,8,2,0,0.5693,22.72,85.06,-52,4,33.05,0.7394,11
2026-05-27T09:00:00+00:00,9,2,0,0.7394,23.18,98.77,-69,3,31.49,0.8661,15
2026-05-27T09:30:00+00:00,9,2,0,0.8661,14.28,85.03,-65,5,8.0,0.98,17
2026-05-27T10:00:00+00:00,10,2,0,0.98,22.92,69.33,-66,2,33.63,0.98,20
2026-05-27T10:30:00+00:00,10,2,0,0.98,23.15,93.35,-64,4,37.74,0.98,20
2026-05-27T11:00:00+00:00,11,2,0,0.98,22.46,78.69,-58,4,25.07,0.98,20
2026-05-27T11:30:00+00:00,11,2,0,0.98,23.33,71.21,-54,3,13.49,0.98,20
2026-05-27T12:00:00+00:00,12,2,0,0.98,28.91,86.86,-69,3,33.79,0.98,20
2026-05-27T12:30:00+00:00,12,2,0,0.98,17.22,87.38,-77,2,22.46,0.98,20
2026-05-27T13:00:00+00:00,13,2,0,0.98,21.41,89.51,-63,4,22.06,0.98,20
2026-05-27T13:30:00+00:00,13,2,0,0.98,19.79,90.62,-51,6,18.0,0.98,20
2026-05-27T14:00:00+00:00,14,2,0,0.98,28.07,91.81,-65,5,16.27,0.98,20
2026-05-27T14:30:00+00:00,14,2,0,0.98,23.31,85.4,-58,6,23.85,0.98,20
2026-05-27T15:00:00+00:00,15,2,0,0.98,19.24,79.28,-59,5,28.13,0.98,20
2026-05-27T15:30:00+00:00,15,2,0,0.98,26.28,95.97,-63,3,33.1,0.98,20
2026-05-27T16:00:00+00:00,16,2,0,0.98,22.51,89.81,-63,3,19.9,0.98,20
2026-05-27T16:30:00+00:00,16,2,0,0.98,25.13,71.43,-66,3,28.32,0.98,20
2026-05-27T17:00:00+00:00,17,2,0,0.98,17.69,83.52,-68,3,20.63,0.98,20
2026-05-27T17:30:00+00:00,17,2,0,0.98,24.55,83.42,-72,3,33.42,0.98,20
2026-05-27T18:00:00+00:00,18,2,0,0.98,18.91,80.49,-66,3,16.28,0.98,20
2026-05-27T18:30:00+00:00,18,2,0,0.98,23.57,90.11,-45,6,26.64,0.98,20
2026-05-27T19:00:00+00:00,19,2,0,0.98,17.19,85.8,-76,6,11.11,0.82,20
2026-05-27T19:30:00+00:00,19,2,0,0.82,16.46,75.64,-62,5,22.85,0.7142,16
2026-05-27T20:00:00+00:00,20,2,0,0.7142,31.14,83.59,-58,4,19.1,0.5805,14
2026-05-27T20:30:00+00:00,20,2,0,0.5805,198.86,74.81,-70,1,203.35,0.4792,12
2026-05-27T21:00:00+00:00,21,2,0,0.4792,171.18,80.28,-52,6,180.3,0.3917,10
2026-05-27T21:30:00+00:00,21,2,0,0.3917,202.02,68.74,-60,2,208.3,0.2658,8
2026-05-27T22:00:00+00:00,22,2,0,0.2658,24.87,72.93,-73,4,18.76,0.1661,5
2026-05-27T22:30:00+00:00,22,2,0,0.1661,24.0,81.94,-59,4,27.56,0.0855,3
2026-05-27T23:00:00+00:00,23,2,0,0.0855,148.96,66.62,-57,4,161.41,0.05,2
2026-05-27T23:30:00+00:00,23,2,0,0.05,171.39,75.85,-84,3,169.08,0.0597,1
2026-05-28T00:00:00+00:00,0,3,0,0.0597,177.94,78.91,-64,2,192.83,0.05,1
2026-05-28T00:30:00+00:00,0,3,0,0.05,20.79,74.1,-58,4,21.02,0.05,1
2026-05-28T01:00:00+00:00,1,3,0,0.05,184.69,66.97,-72,1,181.23,0.05,1
2026-05-28T01:30:00+00:00,1,3,0,0.05,163.81,82.93,-61,7,167.19,0.05,1
2026-05-28T02:00:00+00:00,2,3,0,0.05,145.89,77.09,-68,4,140.53,0.05,1
2026-05-28T02:30:00+00:00,2,3,0,0.05,166.19,85.36,-71,2,155.43,0.05,1
2026-05-28T03:00:00+00:00,3,3,0,0.05,194.89,85.19,-64,3,193.72,0.05,1
2026-05-28T03:30:00+00:00,3,3,0,0.05,198.92,68.63,-54,1,192.31,0.05,1
2026-05-28T04:00:00+00:00,4,3,0,0.05,171.81,91.57,-73,3,165.42,0.05,1
2026-05-28T04:30:00+00:00,4,3,0,0.05,152.19,83.53,-66,6,161.54,0.05,1
2026-05-28T05:00:00+00:00,5,3,0,0.05,188.97,91.63,-66,6,192.98,0.05,1
2026-05-28T05:30:00+00:00,5,3,0,0.05,166.79,79.52,-54,7,157.46,0.0513,1
2026-05-28T06:00:00+00:00,6,3,0,0.0513,174.44,85.96,-50,6,170.51,0.05,1
2026-05-28T06:30:00+00:00,6,3,0,0.05,184.71,90.88,-53,5,189.47,0.05,1
2026-05-28T07:00:00+00:00,7,3,0,0.05,161.79,70.5,-75,1,164.84,0.2964,1
2026-05-28T07:30:00+00:00,7,3,0,0.2964,163.4,89.56,-60,5,166.91,0.426,6
2026-05-28T08:00:00+00:00,8,3,0,0.426,21.68,85.28,-75,6,26.14,0.5538,9
2026-05-28T08:30:00+00:00,8,3,0,0.5538,23.45,82.78,-75,7,25.81,0.7368,11
2026-05-28T09:00:00+00:00,9,3,0,0.7368,17.84,91.45,-77,4,16.52,0.9364,15
2026-05-28T09:30:00+00:00,9,3,0,0.9364,23.71,70.11,-67,4,27.59,0.98,19
2026-05-28T10:00:00+00:00,10,3,0,0.98,27.15,71.36,-64,5,22.68,0.98,20
2026-05-28T10:30:00+00:00,10,3,0,0.98,18.62,67.38,-69,3,15.23,0.98,20
2026-05-28T11:00:00+00:00,11,3,0,0.98,28.44,76.53,-60,3,21.6,0.98,20
2026-05-28T11:30:00+00:00,11,3,0,0.98,27.47,100.0,-65,4,28.56,0.98,20
2026-05-28T12:00:00+00:00,12,3,0,0.98,20.43,75.42,-62,6,24.19,0.98,20
2026-05-28T12:30:00+00:00,12,3,0,0.98,26.47,87.16,-72,2,28.36,0.98,20
2026-05-28T13:00:00+00:00,13,3,0,0.98,27.1,85.37,-53,4,27.7,0.98,20
2026-05-28T13:30:00+00:00,13,3,0,0.98,26.47,89.15,-67,4,29.07,0.98,20
2026-05-28T14:00:00+00:00,14,3,0,0.98,31.97,84.69,-70,2,22.47,0.98,20
2026-05-28T14:30:00+00:00,14,3,0,0.98,19.62,80.22,-62,7,12.94,0.98,20
2026-05-28T15:00:00+00:00,15,3,0,0.98,22.0,88.58,-68,2,16.16,0.98,20
2026-05-28T15:30:00+00:00,15,3,0,0.98,25.85,82.27,-66,2,19.61,0.98,20
2026-05-28T16:00:00+00:00,16,3,0,0.98,34.03,76.34,-57,2,25.55,0.98,20
2026-05-28T16:30:00+00:00,16,3,0,0.98,28.07,81.6,-55,3,36.36,0.98,20
2026-05-28T17:00:00+00:00,17,3,0,0.98,30.41,79.92,-76,8,23.2,0.98,20
2026-05-28T17:30:00+00:00,17,3,0,0.98,27.53,87.26,-60,4,25.74,0.98,20
2026-05-28T18:00:00+00:00,18,3,0,0.98,18.89,91.81,-57,6,13.16,0.98,20
2026-05-28T18:30:00+00:00,18,3,0,0.98,21.39,91.36,-68,8,9.36,0.98,20
2026-05-28T19:00:00+00:00,19,3,0,0.98,26.84,74.72,-71,6,40.69,0.8049,20
2026-05-28T19:30:00+00:00,19,3,0,0.8049,190.68,81.83,-74,2,191.11,0.6545,16
2026-05-28T20:00:00+00:00,20,3,0,0.6545,19.99,71.37,-62,6,25.67,0.5394,13
2026-05-28T20:30:00+00:00,20,3,0,0.5394,211.82,73.85,-60,4,202.79,0.4436,11
2026-05-28T21:00:00+00:00,21,3,0,0.4436,28.32,84.51,-88,6,11.23,0.2973,9
2026-05-28T21:30:00+00:00,21,3,0,0.2973,182.78,89.98,-67,4,179.66,0.2541,6
2026-05-28T22:00:00+00:00,22,3,0,0.2541,184.42,55.3,-65,1,206.2,0.1389,5
2026-05-28T22:30:00+00:00,22,3,0,0.1389,25.87,87.32,-72,6,32.68,0.0505,3
2026-05-28T23:00:00+00:00,23,3,0,0.0505,201.17,82.08,-73,6,213.4,0.05,1
2026-05-28T23:30:00+00:00,23,3,0,0.05,185.21,86.94,-58,2,187.56,0.05,1
2026-05-29T00:00:00+00:00,0,4,0,0.05,197.52,74.54,-63,4,198.05,0.05,1
2026-05-29T00:30:00+00:00,0,4,0,0.05,190.52,85.6,-72,7,185.84,0.05,1
2026-05-29T01:00:00+00:00,1,4,0,0.05,202.52,79.75,-67,7,187.0,0.05,1
2026-05-29T01:30:00+00:00,1,4,0,0.05,140.01,84.13,-68,2,129.64,0.05,1
2026-05-29T02:00:00+00:00,2,4,0,0.05,157.44,74.39,-58,9,144.91,0.05,1
2026-05-29T02:30:00+00:00,2,4,0,0.05,158.35,91.46,-73,9,162.17,0.05,1
2026-05-29T03:00:00+00:00,3,4,0,0.05,158.98,70.62,-57,7,162.6,0.05,1
2026-05-29T03:30:00+00:00,3,4,0,0.05,184.83,70.99,-64,5,170.31,0.05,1
2026-05-29T04:00:00+00:00,4,4,0,0.05,138.11,62.72,-79,5,137.78,0.05,1
2026-05-29T04:30:00+00:00,4,4,0,0.05,190.85,94.78,-63,7,203.86,0.05,1
2026-05-29T05:00:00+00:00,5,4,0,0.05,155.21,82.51,-53,8,156.29,0.0823,1
2026-05-29T05:30:00+00:00,5,4,0,0.0823,183.69,87.61,-57,4,176.65,0.05,2
2026-05-29T06:00:00+00:00,6,4,0,0.05,157.96,79.87,-63,5,155.26,0.1024,1
2026-05-29T06:30:00+00:00,6,4,0,0.1024,173.16,82.36,-53,2,163.25,0.0731,2
2026-05-29T07:00:00+00:00,7,4,0,0.0731,198.63,68.4,-70,2,185.42,0.2243,1
2026-05-29T07:30:00+00:00,7,4,0,0.2243,182.09,83.31,-59,5,185.66,0.3507,4
2026-05-29T08:00:00+00:00,8,4,0,0.3507,123.21,86.75,-56,6,118.19,0.6101,7
2026-05-29T08:30:00+00:00,8,4,0,0.6101,26.83,89.27,-80,5,37.53,0.7471,12
2026-05-29T09:00:00+00:00,9,4,0,0.7471,165.42,71.87,-57,8,156.98,0.9593,15
2026-05-29T09:30:00+00:00,9,4,0,0.9593,25.76,92.51,-45,3,23.16,0.98,19
2026-05-29T10:00:00+00:00,10,4,0,0.98,19.3,83.05,-61,7,18.87,0.98,20
2026-05-29T10:30:00+00:00,10,4,0,0.98,28.09,79.13,-64,6,38.88,0.98,20
2026-05-29T11:00:00+00:00,11,4,0,0.98,19.47,84.97,-60,5,30.32,0.98,20
2026-05-29T11:30:00+00:00,11,4,0,0.98,24.75,91.04,-57,2,13.99,0.98,20
2026-05-29T12:00:00+00:00,12,4,0,0.98,21.53,76.31,-77,4,8.94,0.98,20
2026-05-29T12:30:00+00:00,12,4,0,0.98,25.86,82.16,-59,4,22.25,0.98,20
2026-05-29T13:00:00+00:00,13,4,0,0.98,24.04,91.52,-59,6,26.96,0.98,20
2026-05-29T13:30:00+00:00,13,4,0,0.98,19.53,72.68,-72,6,14.21,0.98,20
2026-05-29T14:00:00+00:00,14,4,0,0.98,22.79,73.88,-59,8,12.56,0.98,20
2026-05-29T14:30:00+00:00,14,4,0,0.98,26.8,95.44,-69,7,25.76,0.98,20
2026-05-29T15:00:00+00:00,15,4,0,0.98,203.5,85.42,-65,4,198.48,0.98,20
2026-05-29T15:30:00+00:00,15,4,0,0.98,176.71,73.59,-61,6,185.57,0.98,20
2026-05-29T16:00:00+00:00,16,4,0,0.98,20.56,93.31,-58,4,10.68,0.98,20
2026-05-29T16:30:00+00:00,16,4,0,0.98,27.74,66.38,-63,6,10.11,0.98,20
2026-05-29T17:00:00+00:00,17,4,0,0.98,18.01,81.0,-67,3,12.94,0.98,20
2026-05-29T17:30:00+00:00,17,4,0,0.98,23.75,82.64,-75,3,24.56,0.98,20
2026-05-29T18:00:00+00:00,18,4,0,0.98,179.43,82.93,-76,5,164.12,0.98,20
2026-05-29T18:30:00+00:00,18,4,0,0.98,20.91,83.09,-63,7,22.66,0.98,20
2026-05-29T19:00:00+00:00,19,4,0,0.98,17.22,95.5,-82,6,21.53,0.8391,20
2026-05-29T19:30:00+00:00,19,4,0,0.8391,17.94,82.77,-60,3,21.27,0.6952,17
2026-05-29T20:00:00+00:00,20,4,0,0.6952,196.85,85.57,-64,6,199.25,0.6022,14
2026-05-29T20:30:00+00:00,20,4,0,0.6022,24.85,90.76,-63,4,25.08,0.4526,12
2026-05-29T21:00:00+00:00,21,4,0,0.4526,207.99,95.22,-58,3,206.8,0.285,9
2026-05-29T21:30:00+00:00,21,4,0,0.285,29.29,62.24,-61,5,31.34,0.1483,6
2026-05-29T22:00:00+00:00,22,4,0,0.1483,198.25,84.37,-66,4,194.61,0.0539,3
2026-05-29T22:30:00+00:00,22,4,0,0.0539,154.0,79.06,-68,4,151.54,0.05,1
2026-05-29T23:00:00+00:00,23,4,0,0.05,203.2,76.24,-63,3,204.57,0.05,1
2026-05-29T23:30:00+00:00,23,4,0,0.05,21.69,86.91,-70,3,22.36,0.05,1
2026-05-30T00:00:00+00:00,0,5,1,0.05,195.97,76.35,-75,2,196.4,0.05,1
2026-05-30T00:30:00+00:00,0,5,1,0.05,123.77,75.36,-71,6,130.45,0.05,1
2026-05-30T01:00:00+00:00,1,5,1,0.05,195.9,91.18,-71,5,198.87,0.05,1
2026-05-30T01:30:00+00:00,1,5,1,0.05,20.57,82.83,-66,5,35.27,0.05,1
2026-05-30T02:00:00+00:00,2,5,1,0.05,180.98,81.77,-82,6,171.4,0.05,1
2026-05-30T02:30:00+00:00,2,5,1,0.05,172.71,74.77,-53,6,191.7,0.05,1
2026-05-30T03:00:00+00:00,3,5,1,0.05,218.76,71.68,-62,4,216.57,0.05,1
2026-05-30T03:30:00+00:00,3,5,1,0.05,219.01,83.24,-52,3,220.12,0.05,1
2026-05-30T04:00:00+00:00,4,5,1,0.05,176.3,82.58,-56,5,162.18,0.05,1
2026-05-30T04:30:00+00:00,4,5,1,0.05,146.26,88.52,-56,3,143.78,0.05,1
2026-05-30T05:00:00+00:00,5,5,1,0.05,178.43,84.57,-54,6,187.09,0.0895,1
2026-05-30T05:30:00+00:00,5,5,1,0.0895,178.55,75.68,-60,10,180.41,0.05,2
2026-05-30T06:00:00+00:00,6,5,1,0.05,149.35,86.52,-72,4,165.2,0.052,1
2026-05-30T06:30:00+00:00,6,5,1,0.052,190.68,84.73,-69,5,183.23,0.05,1
2026-05-30T07:00:00+00:00,7,5,1,0.05,206.76,79.86,-57,6,197.8,0.2568,1
2026-05-30T07:30:00+00:00,7,5,1,0.2568,201.81,71.45,-71,1,195.53,0.4652,5
2026-05-30T08:00:00+00:00,8,5,1,0.4652,20.25,72.09,-69,7,24.4,0.6811,9
2026-05-30T08:30:00+00:00,8,5,1,0.6811,182.99,76.51,-66,4,180.83,0.8859,14
2026-05-30T09:00:00+00:00,9,5,1,0.8859,23.54,75.1,-55,8,39.43,0.98,18
2026-05-30T09:30:00+00:00,9,5,1,0.98,20.41,73.85,-65,2,26.79,0.98,20
2026-05-30T10:00:00+00:00,10,5,1,0.98,23.28,89.1,-55,5,28.72,0.98,20
2026-05-30T10:30:00+00:00,10,5,1,0.98,24.81,83.43,-69,5,25.09,0.98,20
2026-05-30T11:00:00+00:00,11,5,1,0.98,24.2,68.07,-45,6,28.15,0.98,20
2026-05-30T11:30:00+00:00,11,5,1,0.98,26.15,87.73,-51,5,15.93,0.98,20
2026-05-30T12:00:00+00:00,12,5,1,0.98,23.47,86.8,-65,6,17.25,0.98,20
2026-05-30T12:30:00+00:00,12,5,1,0.98,23.15,71.7,-64,5,22.38,0.98,20
2026-05-30T13:00:00+00:00,13,5,1,0.98,19.91,80.69,-61,5,8.0,0.98,20
2026-05-30T13:30:00+00:00,13,5,1,0.98,30.6,87.71,-55,6,27.18,0.98,20
2026-05-30T14:00:00+00:00,14,5,1,0.98,22.69,67.07,-64,5,26.49,0.98,20
2026-05-30T14:30:00+00:00,14,5,1,0.98,18.12,96.3,-59,5,8.0,0.98,20
2026-05-30T15:00:00+00:00,15,5,1,0.98,23.91,78.42,-69,3,29.15,0.98,20
2026-05-30T15:30:00+00:00,15,5,1,0.98,20.95,92.78,-45,5,30.19,0.98,20
2026-05-30T16:00:00+00:00,16,5,1,0.98,26.55,91.94,-62,1,30.57,0.98,20
2026-05-30T16:30:00+00:00,16,5,1,0.98,20.69,57.84,-65,4,26.59,0.98,20
2026-05-30T17:00:00+00:00,17,5,1,0.98,22.54,76.17,-60,4,18.65,0.98,20
2026-05-30T17:30:00+00:00,17,5,1,0.98,30.17,80.15,-70,5,36.62,0.98,20
2026-05-30T18:00:00+00:00,18,5,1,0.98,26.57,88.12,-63,2,25.7,0.98,20
2026-05-30T18:30:00+00:00,18,5,1,0.98,29.16,79.07,-59,5,27.4,0.98,20
2026-05-30T19:00:00+00:00,19,5,1,0.98,21.3,75.11,-56,3,15.3,0.9401,20
2026-05-30T19:30:00+00:00,19,5,1,0.9401,23.39,75.22,-63,2,24.95,0.887,19
2026-05-30T20:00:00+00:00,20,5,1,0.887,24.76,86.89,-79,2,30.53,0.7969,18
2026-05-30T20:30:00+00:00,20,5,1,0.7969,30.76,94.38,-57,5,40.23,0.6948,16
2026-05-30T21:00:00+00:00,21,5,1,0.6948,23.01,78.35,-70,5,10.9,0.5753,14
2026-05-30T21:30:00+00:00,21,5,1,0.5753,188.25,88.61,-65,5,184.4,0.4026,12
2026-05-30T22:00:00+00:00,22,5,1,0.4026,31.14,74.43,-52,2,24.0,0.2861,8
2026-05-30T22:30:00+00:00,22,5,1,0.2861,188.28,74.67,-57,3,190.73,0.2388,6
2026-05-30T23:00:00+00:00,23,5,1,0.2388,25.6,92.7,-66,3,14.77,0.1703,5
2026-05-30T23:30:00+00:00,23,5,1,0.1703,190.68,76.38,-68,4,190.48,0.1405,3
2026-05-31T00:00:00+00:00,0,6,1,0.1405,194.22,85.54,-73,5,186.29,0.1283,3
2026-05-31T00:30:00+00:00,0,6,1,0.1283,164.6,71.54,-63,4,173.89,0.0922,3
2026-05-31T01:00:00+00:00,1,6,1,0.0922,193.16,70.05,-70,5,192.25,0.05,2
2026-05-31T01:30:00+00:00,1,6,1,0.05,173.95,80.25,-60,5,165.44,0.05,1
2026-05-31T02:00:00+00:00,2,6,1,0.05,199.09,78.31,-69,4,205.24,0.05,1
2026-05-31T02:30:00+00:00,2,6,1,0.05,199.38,76.71,-76,1,209.76,0.05,1
2026-05-31T03:00:00+00:00,3,6,1,0.05,174.26,81.59,-74,5,178.67,0.0707,1
2026-05-31T03:30:00+00:00,3,6,1,0.0707,171.77,90.13,-72,4,183.17,0.05,1
2026-05-31T04:00:00+00:00,4,6,1,0.05,194.79,91.29,-59,3,202.27,0.05,1
2026-05-31T04:30:00+00:00,4,6,1,0.05,187.81,89.98,-55,5,187.25,0.05,1
2026-05-31T05:00:00+00:00,5,6,1,0.05,200.05,82.22,-59,7,209.66,0.05,1
2026-05-31T05:30:00+00:00,5,6,1,0.05,214.64,74.98,-51,5,202.32,0.0567,1
2026-05-31T06:00:00+00:00,6,6,1,0.0567,153.65,82.24,-82,8,151.58,0.05,1
2026-05-31T06:30:00+00:00,6,6,1,0.05,180.22,71.94,-80,6,186.61,0.05,1
2026-05-31T07:00:00+00:00,7,6,1,0.05,186.52,81.86,-60,3,169.78,0.1767,1
2026-05-31T07:30:00+00:00,7,6,1,0.1767,200.8,79.22,-69,1,210.31,0.2987,4
2026-05-31T08:00:00+00:00,8,6,1,0.2987,20.42,78.8,-61,4,31.19,0.4245,6
2026-05-31T08:30:00+00:00,8,6,1,0.4245,29.17,72.34,-63,6,35.7,0.5943,8
2026-05-31T09:00:00+00:00,9,6,1,0.5943,16.57,85.94,-65,4,17.98,0.7213,12
2026-05-31T09:30:00+00:00,9,6,1,0.7213,194.99,71.25,-73,2,192.25,0.8633,14
2026-05-31T10:00:00+00:00,10,6,1,0.8633,24.58,89.5,-50,6,20.62,0.9682,17
2026-05-31T10:30:00+00:00,10,6,1,0.9682,21.7,82.95,-68,8,11.52,0.98,19
2026-05-31T11:00:00+00:00,11,6,1,0.98,28.63,77.24,-79,4,40.27,0.98,20
2026-05-31T11:30:00+00:00,11,6,1,0.98,26.49,78.6,-66,3,38.99,0.98,20
2026-05-31T12:00:00+00:00,12,6,1,0.98,19.49,77.07,-63,3,20.97,0.98,20
2026-05-31T12:30:00+00:00,12,6,1,0.98,26.65,74.57,-73,6,27.1,0.98,20
2026-05-31T13:00:00+00:00,13,6,1,0.98,190.9,93.64,-59,5,199.05,0.9446,20
2026-05-31T13:30:00+00:00,13,6,1,0.9446,19.46,81.25,-77,7,14.05,0.98,19
2026-05-31T14:00:00+00:00,14,6,1,0.98,19.66,78.7,-65,4,28.52,0.98,20
2026-05-31T14:30:00+00:00,14,6,1,0.98,27.07,79.56,-69,6,30.27,0.98,20
2026-05-31T15:00:00+00:00,15,6,1,0.98,24.21,72.13,-59,4,23.18,0.98,20
2026-05-31T15:30:00+00:00,15,6,1,0.98,25.73,76.0,-63,6,10.78,0.98,20
2026-05-31T16:00:00+00:00,16,6,1,0.98,23.14,85.31,-56,5,26.41,0.98,20
2026-05-31T16:30:00+00:00,16,6,1,0.98,26.81,93.61,-56,3,28.64,0.98,20
2026-05-31T17:00:00+00:00,17,6,1,0.98,12.87,96.0,-61,5,15.24,0.98,20
2026-05-31T17:30:00+00:00,17,6,1,0.98,22.5,75.25,-64,5,31.07,0.98,20
2026-05-31T18:00:00+00:00,18,6,1,0.98,26.26,90.42,-57,4,26.98,0.98,20
2026-05-31T18:30:00+00:00,18,6,1,0.98,27.95,91.77,-72,5,39.18,0.98,20
2026-05-31T19:00:00+00:00,19,6,1,0.98,16.4,100.0,-63,4,23.67,0.8343,20
2026-05-31T19:30:00+00:00,19,6,1,0.8343,22.24,91.31,-70,5,14.35,0.7234,17
2026-05-31T20:00:00+00:00,20,6,1,0.7234,19.09,96.6,-66,5,26.75,0.635,14
2026-05-31T20:30:00+00:00,20,6,1,0.635,21.47,90.73,-72,10,23.63,0.5019,13
2026-05-31T21:00:00+00:00,21,6,1,0.5019,168.21,82.05,-69,4,166.66,0.4224,10
2026-05-31T21:30:00+00:00,21,6,1,0.4224,181.34,81.07,-70,3,179.95,0.3849,8
2026-05-31T22:00:00+00:00,22,6,1,0.3849,21.7,76.1,-67,7,29.97,0.3399,8
2026-05-31T22:30:00+00:00,22,6,1,0.3399,26.05,76.16,-66,8,21.22,0.2296,7
2026-05-31T23:00:00+00:00,23,6,1,0.2296,198.58,84.16,-75,2,203.19,0.1953,5
2026-05-31T23:30:00+00:00,23,6,1,0.1953,153.64,84.23,-68,6,156.3,0.1539,4
2026-06-01T00:00:00+00:00,0,0,0,0.1539,169.22,84.98,-59,1,180.09,0.0687,3
2026-06-01T00:30:00+00:00,0,0,0,0.0687,141.29,73.85,-55,5,142.07,0.05,1
2026-06-01T01:00:00+00:00,1,0,0,0.05,173.43,89.05,-58,6,171.59,0.05,1
2026-06-01T01:30:00+00:00,1,0,0,0.05,197.53,92.88,-75,1,204.09,0.05,1
2026-06-01T02:00:00+00:00,2,0,0,0.05,195.63,91.04,-62,5,183.68,0.05,1
2026-06-01T02:30:00+00:00,2,0,0,0.05,232.41,82.6,-63,6,223.48,0.05,1
2026-06-01T03:00:00+00:00,3,0,0,0.05,186.39,78.02,-65,2,183.56,0.05,1
2026-06-01T03:30:00+00:00,3,0,0,0.05,166.17,78.87,-74,6,154.1,0.05,1
2026-06-01T04:00:00+00:00,4,0,0,0.05,140.46,94.47,-54,5,150.77,0.05,1
2026-06-01T04:30:00+00:00,4,0,0,0.05,28.82,100.0,-62,9,38.43,0.05,1
2026-06-01T05:00:00+00:00,5,0,0,0.05,25.93,100.0,-69,2,45.21,0.0683,1
2026-06-01T05:30:00+00:00,5,0,0,0.0683,167.75,81.0,-79,4,157.12,0.05,1
2026-06-01T06:00:00+00:00,6,0,0,0.05,151.36,90.13,-57,1,147.5,0.05,1
2026-06-01T06:30:00+00:00,6,0,0,0.05,161.79,82.26,-76,5,151.35,0.05,1
2026-06-01T07:00:00+00:00,7,0,0,0.05,180.32,83.12,-55,9,183.3,0.2,1
2026-06-01T07:30:00+00:00,7,0,0,0.2,186.98,81.05,-59,3,202.35,0.3364,4
2026-06-01T08:00:00+00:00,8,0,0,0.3364,24.2,88.24,-61,8,16.03,0.5384,7
2026-06-01T08:30:00+00:00,8,0,0,0.5384,22.37,79.22,-57,3,11.57,0.6559,11
2026-06-01T09:00:00+00:00,9,0,0,0.6559,134.36,80.9,-70,1,140.11,0.7899,13
2026-06-01T09:30:00+00:00,9,0,0,0.7899,171.54,84.46,-70,5,154.42,0.9264,16
2026-06-01T10:00:00+00:00,10,0,0,0.9264,30.14,85.95,-70,3,30.95,0.98,19
2026-06-01T10:30:00+00:00,10,0,0,0.98,32.29,77.83,-83,3,30.68,0.98,20
2026-06-01T11:00:00+00:00,11,0,0,0.98,28.16,75.3,-55,8,14.52,0.98,20
2026-06-01T11:30:00+00:00,11,0,0,0.98,29.88,69.3,-67,3,22.74,0.98,20
2026-06-01T12:00:00+00:00,12,0,0,0.98,26.61,92.94,-69,5,30.97,0.98,20
2026-06-01T12:30:00+00:00,12,0,0,0.98,24.1,74.05,-61,1,14.44,0.98,20
2026-06-01T13:00:00+00:00,13,0,0,0.98,25.3,75.17,-83,3,34.05,0.98,20
2026-06-01T13:30:00+00:00,13,0,0,0.98,12.75,77.75,-60,4,19.33,0.98,20
2026-06-01T14:00:00+00:00,14,0,0,0.98,27.91,94.21,-58,6,18.19,0.98,20
2026-06-01T14:30:00+00:00,14,0,0,0.98,20.01,79.3,-70,7,11.8,0.98,20
2026-06-01T15:00:00+00:00,15,0,0,0.98,26.16,81.59,-72,5,41.85,0.98,20
2026-06-01T15:30:00+00:00,15,0,0,0.98,17.53,96.56,-55,4,23.23,0.98,20
2026-06-01T16:00:00+00:00,16,0,0,0.98,19.58,88.65,-66,6,16.99,0.98,20
2026-06-01T16:30:00+00:00,16,0,0,0.98,26.14,73.0,-51,1,18.94,0.98,20
2026-06-01T17:00:00+00:00,17,0,0,0.98,27.2,83.29,-51,4,32.03,0.98,20
2026-06-01T17:30:00+00:00,17,0,0,0.98,23.2,79.57,-65,3,20.17,0.98,20
2026-06-01T18:00:00+00:00,18,0,0,0.98,23.72,87.2,-68,2,23.37,0.98,20
2026-06-01T18:30:00+00:00,18,0,0,0.98,30.97,80.08,-41,4,22.44,0.98,20
2026-06-01T19:00:00+00:00,19,0,0,0.98,27.04,77.94,-64,6,26.32,0.8501,20
2026-06-01T19:30:00+00:00,19,0,0,0.8501,27.82,95.65,-66,3,29.01,0.7385,17
2026-06-01T20:00:00+00:00,20,0,0,0.7385,30.01,75.3,-66,7,32.52,0.6894,15
2026-06-01T20:30:00+00:00,20,0,0,0.6894,180.06,83.31,-66,3,181.88,0.5531,14
2026-06-01T21:00:00+00:00,21,0,0,0.5531,29.14,75.39,-63,6,33.54,0.4861,11
2026-06-01T21:30:00+00:00,21,0,0,0.4861,23.53,89.47,-59,4,34.72,0.3602,10
2026-06-01T22:00:00+00:00,22,0,0,0.3602,213.98,94.94,-48,2,211.0,0.1986,7
2026-06-01T22:30:00+00:00,22,0,0,0.1986,156.78,84.63,-71,4,144.12,0.0863,4
2026-06-01T23:00:00+00:00,23,0,0,0.0863,188.46,72.18,-71,6,191.11,0.0628,2
2026-06-01T23:30:00+00:00,23,0,0,0.0628,184.22,83.79,-77,8,191.35,0.05,1
2026-06-02T00:00:00+00:00,0,1,0,0.05,153.0,94.66,-51,8,142.95,0.05,1
2026-06-02T00:30:00+00:00,0,1,0,0.05,160.69,98.62,-63,4,159.3,0.05,1
2026-06-02T01:00:00+00:00,1,1,0,0.05,190.72,79.63,-67,4,191.62,0.05,1
2026-06-02T01:30:00+00:00,1,1,0,0.05,171.52,85.73,-67,4,166.15,0.05,1
2026-06-02T02:00:00+00:00,2,1,0,0.05,143.62,83.6,-59,5,138.68,0.05,1
2026-06-02T02:30:00+00:00,2,1,0,0.05,161.99,85.72,-63,1,164.71,0.05,1
2026-06-02T03:00:00+00:00,3,1,0,0.05,150.25,86.19,-46,3,142.65,0.05,1
2026-06-02T03:30:00+00:00,3,1,0,0.05,200.88,82.35,-78,4,197.75,0.05,1
2026-06-02T04:00:00+00:00,4,1,0,0.05,187.9,81.13,-78,2,198.39,0.05,1
2026-06-02T04:30:00+00:00,4,1,0,0.05,179.56,68.83,-67,5,185.46,0.05,1
2026-06-02T05:00:00+00:00,5,1,0,0.05,26.41,77.59,-53,3,29.25,0.05,1
2026-06-02T05:30:00+00:00,5,1,0,0.05,177.74,88.13,-70,7,185.72,0.05,1
2026-06-02T06:00:00+00:00,6,1,0,0.05,199.15,88.1,-55,6,201.12,0.0642,1
2026-06-02T06:30:00+00:00,6,1,0,0.0642,174.84,75.67,-55,4,181.41,0.0635,1
2026-06-02T07:00:00+00:00,7,1,0,0.0635,198.13,82.67,-60,5,195.22,0.2524,1
2026-06-02T07:30:00+00:00,7,1,0,0.2524,27.81,76.36,-57,3,8.0,0.4559,5
2026-06-02T08:00:00+00:00,8,1,0,0.4559,18.46,84.04,-55,4,22.49,0.6006,9
2026-06-02T08:30:00+00:00,8,1,0,0.6006,186.12,76.46,-62,1,188.01,0.7718,12
2026-06-02T09:00:00+00:00,9,1,0,0.7718,25.14,71.94,-64,1,10.45,0.9755,15
2026-06-02T09:30:00+00:00,9,1,0,0.9755,25.16,92.16,-57,6,12.56,0.98,20
2026-06-02T10:00:00+00:00,10,1,0,0.98,18.47,72.73,-76,3,20.35,0.98,20
2026-06-02T10:30:00+00:00,10,1,0,0.98,22.83,74.12,-54,5,29.1,0.98,20
2026-06-02T11:00:00+00:00,11,1,0,0.98,25.24,83.35,-54,3,23.74,0.98,20
2026-06-02T11:30:00+00:00,11,1,0,0.98,20.99,88.67,-64,6,32.27,0.98,20
2026-06-02T12:00:00+00:00,12,1,0,0.98,25.62,67.8,-61,4,19.04,0.98,20
2026-06-02T12:30:00+00:00,12,1,0,0.98,25.88,84.59,-57,6,31.37,0.98,20
2026-06-02T13:00:00+00:00,13,1,0,0.98,16.32,87.06,-64,5,15.78,0.98,20
2026-06-02T13:30:00+00:00,13,1,0,0.98,25.4,96.22,-61,4,36.2,0.98,20
2026-06-02T14:00:00+00:00,14,1,0,0.98,32.02,85.89,-70,3,41.09,0.98,20
2026-06-02T14:30:00+00:00,14,1,0,0.98,21.34,90.05,-66,5,8.0,0.98,20
2026-06-02T15:00:00+00:00,15,1,0,0.98,23.83,82.01,-60,5,34.53,0.98,20
2026-06-02T15:30:00+00:00,15,1,0,0.98,22.23,94.51,-54,2,11.99,0.98,20
2026-06-02T16:00:00+00:00,16,1,0,0.98,26.15,70.28,-69,3,24.07,0.98,20
2026-06-02T16:30:00+00:00,16,1,0,0.98,21.28,77.66,-81,8,34.71,0.98,20
2026-06-02T17:00:00+00:00,17,1,0,0.98,21.96,75.87,-60,2,29.43,0.98,20
2026-06-02T17:30:00+00:00,17,1,0,0.98,31.84,88.77,-67,4,41.17,0.98,20
2026-06-02T18:00:00+00:00,18,1,0,0.98,196.47,87.95,-70,8,193.32,0.98,20
2026-06-02T18:30:00+00:00,18,1,0,0.98,20.85,81.28,-84,7,21.64,0.98,20
2026-06-02T19:00:00+00:00,19,1,0,0.98,23.37,71.18,-70,6,27.8,0.8996,20
2026-06-02T19:30:00+00:00,19,1,0,0.8996,24.77,62.02,-53,5,50.43,0.8344,18
2026-06-02T20:00:00+00:00,20,1,0,0.8344,185.63,79.98,-73,3,185.53,0.7911,17
2026-06-02T20:30:00+00:00,20,1,0,0.7911,28.45,74.24,-66,4,29.78,0.6296,16
2026-06-02T21:00:00+00:00,21,1,0,0.6296,14.84,80.71,-59,6,23.86,0.473,13
2026-06-02T21:30:00+00:00,21,1,0,0.473,182.61,80.16,-62,5,175.46,0.3126,9
2026-06-02T22:00:00+00:00,22,1,0,0.3126,156.2,86.81,-69,6,150.29,0.2593,6
2026-06-02T22:30:00+00:00,22,1,0,0.2593,22.03,84.27,-68,2,8.0,0.0942,5
2026-06-02T23:00:00+00:00,23,1,0,0.0942,137.67,73.5,-66,7,143.45,0.0854,2
2026-06-02T23:30:00+00:00,23,1,0,0.0854,180.15,83.15,-61,3,163.8,0.0681,2
2026-06-03T00:00:00+00:00,0,2,0,0.0681,150.12,80.17,-55,3,147.56,0.05,1
2026-06-03T00:30:00+00:00,0,2,0,0.05,166.06,80.3,-57,5,172.9,0.05,1
2026-06-03T01:00:00+00:00,1,2,0,0.05,148.57,85.42,-57,5,156.79,0.05,1
2026-06-03T01:30:00+00:00,1,2,0,0.05,189.44,97.54,-71,5,204.08,0.05,1
2026-06-03T02:00:00+00:00,2,2,0,0.05,183.3,77.08,-59,6,180.08,0.05,1
2026-06-03T02:30:00+00:00,2,2,0,0.05,170.17,85.6,-56,3,169.43,0.05,1
2026-06-03T03:00:00+00:00,3,2,0,0.05,152.27,88.58,-73,2,152.29,0.0827,1
2026-06-03T03:30:00+00:00,3,2,0,0.0827,209.48,89.02,-67,6,223.97,0.0897,2
2026-06-03T04:00:00+00:00,4,2,0,0.0897,187.54,77.27,-56,6,188.15,0.1223,2
2026-06-03T04:30:00+00:00,4,2,0,0.1223,179.78,83.72,-65,5,180.46,0.05,2
2026-06-03T05:00:00+00:00,5,2,0,0.05,176.54,78.69,-61,6,178.79,0.05,1
2026-06-03T05:30:00+00:00,5,2,0,0.05,195.9,97.12,-61,5,199.86,0.05,1
2026-06-03T06:00:00+00:00,6,2,0,0.05,164.72,83.87,-58,5,162.62,0.05,1
2026-06-03T06:30:00+00:00,6,2,0,0.05,25.54,78.07,-61,3,13.21,0.05,1
2026-06-03T07:00:00+00:00,7,2,0,0.05,171.96,62.19,-55,5,190.79,0.2524,1
2026-06-03T07:30:00+00:00,7,2,0,0.2524,24.04,86.33,-69,8,29.68,0.4921,5
2026-06-03T08:00:00+00:00,8,2,0,0.4921,155.65,87.21,-74,7,149.67,0.6433,10
2026-06-03T08:30:00+00:00,8,2,0,0.6433,25.6,85.34,-63,3,24.15,0.8039,13
2026-06-03T09:00:00+00:00,9,2,0,0.8039,21.8,88.27,-68,3,14.4,0.98,16
2026-06-03T09:30:00+00:00,9,2,0,0.98,21.45,93.76,-64,8,8.0,0.98,20
2026-06-03T10:00:00+00:00,10,2,0,0.98,17.32,83.49,-63,5,12.41,0.98,20
2026-06-03T10:30:00+00:00,10,2,0,0.98,19.99,78.95,-60,3,27.01,0.98,20
2026-06-03T11:00:00+00:00,11,2,0,0.98,11.95,89.75,-60,6,8.0,0.98,20
2026-06-03T11:30:00+00:00,11,2,0,0.98,27.8,81.46,-80,6,28.3,0.98,20
2026-06-03T12:00:00+00:00,12,2,0,0.98,35.06,76.7,-56,4,36.67,0.98,20
2026-06-03T12:30:00+00:00,12,2,0,0.98,25.7,74.08,-62,5,20.95,0.98,20
2026-06-03T13:00:00+00:00,13,2,0,0.98,19.39,87.54,-70,6,8.0,0.98,20
2026-06-03T13:30:00+00:00,13,2,0,0.98,20.21,97.92,-65,5,21.56,0.98,20
2026-06-03T14:00:00+00:00,14,2,0,0.98,30.46,75.65,-69,5,47.58,0.98,20
2026-06-03T14:30:00+00:00,14,2,0,0.98,22.29,76.08,-62,7,11.9,0.98,20
2026-06-03T15:00:00+00:00,15,2,0,0.98,23.18,79.64,-71,4,18.63,0.98,20
2026-06-03T15:30:00+00:00,15,2,0,0.98,25.29,92.16,-72,3,25.72,0.98,20
2026-06-03T16:00:00+00:00,16,2,0,0.98,27.19,84.62,-55,4,28.18,0.98,20
2026-06-03T16:30:00+00:00,16,2,0,0.98,22.47,79.68,-52,5,11.27,0.98,20
2026-06-03T17:00:00+00:00,17,2,0,0.98,24.79,89.85,-68,3,19.44,0.98,20
2026-06-03T17:30:00+00:00,17,2,0,0.98,13.74,90.02,-61,1,27.21,0.98,20
2026-06-03T18:00:00+00:00,18,2,0,0.98,26.79,79.2,-68,7,23.63,0.98,20
2026-06-03T18:30:00+00:00,18,2,0,0.98,18.47,78.68,-58,1,17.41,0.98,20
2026-06-03T19:00:00+00:00,19,2,0,0.98,18.99,74.35,-70,3,16.75,0.8432,20
2026-06-03T19:30:00+00:00,19,2,0,0.8432,186.13,83.92,-76,7,184.43,0.706,17
2026-06-03T20:00:00+00:00,20,2,0,0.706,158.57,82.14,-73,6,175.43,0.6082,14
2026-06-03T20:30:00+00:00,20,2,0,0.6082,171.69,75.3,-66,3,166.75,0.5178,12
2026-06-03T21:00:00+00:00,21,2,0,0.5178,194.91,90.25,-63,5,196.28,0.4497,10
2026-06-03T21:30:00+00:00,21,2,0,0.4497,175.74,87.36,-75,4,179.04,0.2973,9
2026-06-03T22:00:00+00:00,22,2,0,0.2973,173.34,85.33,-62,5,173.71,0.1998,6
2026-06-03T22:30:00+00:00,22,2,0,0.1998,200.1,92.25,-66,1,190.65,0.0935,4
2026-06-03T23:00:00+00:00,23,2,0,0.0935,25.88,72.06,-60,5,26.07,0.0721,2
2026-06-03T23:30:00+00:00,23,2,0,0.0721,157.11,84.51,-66,8,140.98,0.05,1
2026-06-04T00:00:00+00:00,0,3,0,0.05,189.89,89.47,-76,7,186.29,0.05,1
2026-06-04T00:30:00+00:00,0,3,0,0.05,134.37,77.85,-75,1,143.34,0.05,1
2026-06-04T01:00:00+00:00,1,3,0,0.05,160.46,90.9,-64,4,153.73,0.05,1
2026-06-04T01:30:00+00:00,1,3,0,0.05,172.64,79.08,-59,6,183.22,0.05,1
2026-06-04T02:00:00+00:00,2,3,0,0.05,182.87,68.74,-72,7,195.62,0.05,1
2026-06-04T02:30:00+00:00,2,3,0,0.05,173.25,82.77,-64,5,166.79,0.05,1
2026-06-04T03:00:00+00:00,3,3,0,0.05,147.86,90.84,-41,5,148.15,0.05,1
2026-06-04T03:30:00+00:00,3,3,0,0.05,148.41,87.69,-53,6,146.78,0.0537,1
2026-06-04T04:00:00+00:00,4,3,0,0.0537,177.25,78.34,-74,4,176.2,0.0745,1
2026-06-04T04:30:00+00:00,4,3,0,0.0745,168.09,92.1,-67,2,159.09,0.05,1
2026-06-04T05:00:00+00:00,5,3,0,0.05,25.59,82.95,-56,4,30.88,0.05,1
2026-06-04T05:30:00+00:00,5,3,0,0.05,165.54,88.96,-73,9,153.14,0.05,1
2026-06-04T06:00:00+00:00,6,3,0,0.05,210.14,95.82,-72,7,198.71,0.05,1
2026-06-04T06:30:00+00:00,6,3,0,0.05,191.29,83.87,-71,5,194.65,0.0726,1
2026-06-04T07:00:00+00:00,7,3,0,0.0726,177.19,75.87,-56,3,164.11,0.2061,1
2026-06-04T07:30:00+00:00,7,3,0,0.2061,182.06,74.34,-54,5,187.74,0.4144,4
2026-06-04T08:00:00+00:00,8,3,0,0.4144,23.67,86.91,-59,8,26.12,0.5707,8
2026-06-04T08:30:00+00:00,8,3,0,0.5707,22.62,74.2,-63,3,26.72,0.8143,11
2026-06-04T09:00:00+00:00,9,3,0,0.8143,186.14,79.64,-56,9,190.47,0.98,16
2026-06-04T09:30:00+00:00,9,3,0,0.98,21.72,75.51,-70,5,24.44,0.98,20
2026-06-04T10:00:00+00:00,10,3,0,0.98,26.28,93.38,-74,6,31.02,0.98,20
2026-06-04T10:30:00+00:00,10,3,0,0.98,21.23,88.71,-56,4,19.6,0.98,20
2026-06-04T11:00:00+00:00,11,3,0,0.98,26.41,88.13,-79,11,31.46,0.98,20
2026-06-04T11:30:00+00:00,11,3,0,0.98,17.77,86.93,-77,3,17.53,0.98,20
2026-06-04T12:00:00+00:00,12,3,0,0.98,24.04,80.32,-68,7,24.62,0.98,20
2026-06-04T12:30:00+00:00,12,3,0,0.98,21.27,80.21,-46,3,34.27,0.98,20
2026-06-04T13:00:00+00:00,13,3,0,0.98,22.03,84.41,-59,6,16.12,0.98,20
2026-06-04T13:30:00+00:00,13,3,0,0.98,29.01,87.12,-53,3,21.92,0.98,20
2026-06-04T14:00:00+00:00,14,3,0,0.98,22.76,73.52,-58,3,17.25,0.98,20
2026-06-04T14:30:00+00:00,14,3,0,0.98,24.5,89.65,-67,5,34.1,0.98,20
2026-06-04T15:00:00+00:00,15,3,0,0.98,24.84,80.89,-60,5,22.57,0.98,20
2026-06-04T15:30:00+00:00,15,3,0,0.98,30.8,91.78,-53,6,32.02,0.98,20
2026-06-04T16:00:00+00:00,16,3,0,0.98,21.67,88.04,-83,4,26.28,0.98,20
2026-06-04T16:30:00+00:00,16,3,0,0.98,25.63,71.65,-53,6,35.98,0.98,20
2026-06-04T17:00:00+00:00,17,3,0,0.98,27.69,77.68,-73,1,21.3,0.98,20
2026-06-04T17:30:00+00:00,17,3,0,0.98,17.31,77.36,-56,4,19.5,0.98,20
2026-06-04T18:00:00+00:00,18,3,0,0.98,26.15,71.62,-69,4,29.1,0.98,20
2026-06-04T18:30:00+00:00,18,3,0,0.98,21.82,93.38,-54,3,15.08,0.98,20
2026-06-04T19:00:00+00:00,19,3,0,0.98,24.69,88.22,-51,4,38.72,0.821,20
2026-06-04T19:30:00+00:00,19,3,0,0.821,18.4,81.39,-52,4,32.53,0.7441,16
2026-06-04T20:00:00+00:00,20,3,0,0.7441,170.85,74.86,-68,3,158.51,0.5815,15
2026-06-04T20:30:00+00:00,20,3,0,0.5815,204.76,86.99,-69,3,216.02,0.4269,12
2026-06-04T21:00:00+00:00,21,3,0,0.4269,206.86,88.02,-64,6,205.99,0.2666,9
2026-06-04T21:30:00+00:00,21,3,0,0.2666,217.88,88.76,-65,7,226.66,0.1921,5
2026-06-04T22:00:00+00:00,22,3,0,0.1921,155.41,76.72,-66,4,174.22,0.0608,4
2026-06-04T22:30:00+00:00,22,3,0,0.0608,169.52,93.89,-75,5,169.33,0.05,1
2026-06-04T23:00:00+00:00,23,3,0,0.05,170.06,74.0,-56,7,175.91,0.05,1
2026-06-04T23:30:00+00:00,23,3,0,0.05,136.38,74.45,-60,1,138.01,0.0528,1
2026-06-05T00:00:00+00:00,0,4,0,0.0528,20.0,79.68,-67,5,18.4,0.05,1
2026-06-05T00:30:00+00:00,0,4,0,0.05,187.7,80.66,-68,6,189.87,0.05,1
2026-06-05T01:00:00+00:00,1,4,0,0.05,140.05,93.07,-62,5,149.8,0.05,1
2026-06-05T01:30:00+00:00,1,4,0,0.05,145.41,81.73,-65,7,142.29,0.05,1
2026-06-05T02:00:00+00:00,2,4,0,0.05,202.54,68.43,-56,6,197.79,0.0847,1
2026-06-05T02:30:00+00:00,2,4,0,0.0847,196.95,78.36,-61,5,202.72,0.05,2
2026-06-05T03:00:00+00:00,3,4,0,0.05,27.25,88.26,-58,4,27.15,0.05,1
2026-06-05T03:30:00+00:00,3,4,0,0.05,162.88,80.8,-65,6,167.4,0.05,1
2026-06-05T04:00:00+00:00,4,4,0,0.05,154.65,78.8,-62,5,149.32,0.05,1
2026-06-05T04:30:00+00:00,4,4,0,0.05,158.47,81.25,-55,2,148.37,0.05,1
2026-06-05T05:00:00+00:00,5,4,0,0.05,212.79,72.04,-56,5,204.03,0.05,1
2026-06-05T05:30:00+00:00,5,4,0,0.05,198.62,84.39,-67,2,188.83,0.05,1
2026-06-05T06:00:00+00:00,6,4,0,0.05,178.47,95.73,-71,3,179.72,0.05,1
2026-06-05T06:30:00+00:00,6,4,0,0.05,194.77,83.13,-70,6,214.7,0.05,1
2026-06-05T07:00:00+00:00,7,4,0,0.05,150.94,80.04,-62,3,148.19,0.2381,1
2026-06-05T07:30:00+00:00,7,4,0,0.2381,156.93,78.99,-55,8,153.14,0.4033,5
2026-06-05T08:00:00+00:00,8,4,0,0.4033,207.91,76.61,-71,5,201.75,0.5808,8
2026-06-05T08:30:00+00:00,8,4,0,0.5808,150.05,85.11,-60,4,157.73,0.7495,12
2026-06-05T09:00:00+00:00,9,4,0,0.7495,17.41,59.5,-72,5,18.18,0.9098,15
2026-06-05T09:30:00+00:00,9,4,0,0.9098,23.89,83.0,-70,2,29.44,0.98,18
2026-06-05T10:00:00+00:00,10,4,0,0.98,20.07,79.7,-57,4,11.11,0.98,20
2026-06-05T10:30:00+00:00,10,4,0,0.98,24.15,80.98,-65,7,14.46,0.98,20
2026-06-05T11:00:00+00:00,11,4,0,0.98,181.14,88.94,-70,4,182.16,0.98,20
2026-06-05T11:30:00+00:00,11,4,0,0.98,27.43,78.7,-58,4,38.84,0.98,20
2026-06-05T12:00:00+00:00,12,4,0,0.98,28.74,71.42,-67,4,37.43,0.98,20
2026-06-05T12:30:00+00:00,12,4,0,0.98,30.65,83.33,-75,2,19.59,0.98,20
2026-06-05T13:00:00+00:00,13,4,0,0.98,25.47,83.99,-63,8,28.22,0.98,20
2026-06-05T13:30:00+00:00,13,4,0,0.98,22.13,81.52,-76,7,12.29,0.98,20
2026-06-05T14:00:00+00:00,14,4,0,0.98,26.83,83.62,-64,8,33.14,0.98,20
2026-06-05T14:30:00+00:00,14,4,0,0.98,19.77,88.68,-58,10,21.35,0.98,20
2026-06-05T15:00:00+00:00,15,4,0,0.98,26.64,86.59,-60,7,31.3,0.98,20
2026-06-05T15:30:00+00:00,15,4,0,0.98,24.72,86.23,-73,7,22.23,0.98,20
2026-06-05T16:00:00+00:00,16,4,0,0.98,21.68,87.89,-55,5,27.49,0.98,20
2026-06-05T16:30:00+00:00,16,4,0,0.98,25.98,67.85,-69,4,31.88,0.98,20
2026-06-05T17:00:00+00:00,17,4,0,0.98,19.15,79.85,-61,4,23.1,0.98,20
2026-06-05T17:30:00+00:00,17,4,0,0.98,22.75,74.84,-43,4,22.57,0.98,20
2026-06-05T18:00:00+00:00,18,4,0,0.98,29.75,100.0,-62,11,27.17,0.98,20
2026-06-05T18:30:00+00:00,18,4,0,0.98,26.7,72.66,-75,3,13.95,0.98,20
2026-06-05T19:00:00+00:00,19,4,0,0.98,31.2,91.46,-66,4,43.12,0.863,20
2026-06-05T19:30:00+00:00,19,4,0,0.863,25.05,86.09,-62,7,22.04,0.778,17
2026-06-05T20:00:00+00:00,20,4,0,0.778,20.14,78.92,-62,2,19.39,0.5898,16
2026-06-05T20:30:00+00:00,20,4,0,0.5898,160.5,72.67,-58,6,161.58,0.4292,12
2026-06-05T21:00:00+00:00,21,4,0,0.4292,129.61,77.37,-67,5,137.1,0.2866,9
2026-06-05T21:30:00+00:00,21,4,0,0.2866,21.46,80.7,-60,3,20.95,0.1643,6
2026-06-05T22:00:00+00:00,22,4,0,0.1643,157.64,92.86,-58,4,157.27,0.05,3
2026-06-05T22:30:00+00:00,22,4,0,0.05,179.24,88.73,-71,5,163.65,0.05,1
2026-06-05T23:00:00+00:00,23,4,0,0.05,217.98,83.81,-68,6,219.77,0.05,1
2026-06-05T23:30:00+00:00,23,4,0,0.05,178.61,97.56,-61,2,176.76,0.05,1
2026-06-06T00:00:00+00:00,0,5,1,0.05,29.8,78.79,-51,3,30.04,0.05,1
2026-06-06T00:30:00+00:00,0,5,1,0.05,162.8,86.8,-52,3,167.51,0.0585,1
2026-06-06T01:00:00+00:00,1,5,1,0.0585,211.96,79.82,-68,7,217.71,0.05,1
2026-06-06T01:30:00+00:00,1,5,1,0.05,178.49,90.16,-50,4,185.81,0.0507,1
2026-06-06T02:00:00+00:00,2,5,1,0.0507,191.77,71.91,-63,4,198.6,0.05,1
2026-06-06T02:30:00+00:00,2,5,1,0.05,193.5,78.49,-86,3,188.92,0.05,1
2026-06-06T03:00:00+00:00,3,5,1,0.05,215.61,83.28,-61,4,214.27,0.071,1
2026-06-06T03:30:00+00:00,3,5,1,0.071,166.28,85.75,-63,5,174.29,0.05,1
2026-06-06T04:00:00+00:00,4,5,1,0.05,146.89,77.97,-53,8,144.08,0.05,1
2026-06-06T04:30:00+00:00,4,5,1,0.05,186.84,84.52,-69,4,190.8,0.05,1
2026-06-06T05:00:00+00:00,5,5,1,0.05,232.1,77.13,-82,5,223.07,0.0788,1
2026-06-06T05:30:00+00:00,5,5,1,0.0788,165.44,81.66,-56,5,165.44,0.0597,2
2026-06-06T06:00:00+00:00,6,5,1,0.0597,187.64,78.84,-72,6,187.69,0.05,1
2026-06-06T06:30:00+00:00,6,5,1,0.05,167.16,89.83,-63,5,168.12,0.05,1
2026-06-06T07:00:00+00:00,7,5,1,0.05,154.05,91.81,-67,5,156.55,0.2336,1
2026-06-06T07:30:00+00:00,7,5,1,0.2336,24.85,77.31,-59,2,23.55,0.3574,5
2026-06-06T08:00:00+00:00,8,5,1,0.3574,161.58,81.49,-72,6,162.61,0.5571,7
2026-06-06T08:30:00+00:00,8,5,1,0.5571,23.72,76.46,-67,3,15.03,0.6918,11
2026-06-06T09:00:00+00:00,9,5,1,0.6918,21.56,89.19,-75,3,17.16,0.8605,14
2026-06-06T09:30:00+00:00,9,5,1,0.8605,183.47,82.49,-74,5,190.26,0.98,17
2026-06-06T10:00:00+00:00,10,5,1,0.98,26.4,89.38,-64,9,42.09,0.98,20
2026-06-06T10:30:00+00:00,10,5,1,0.98,23.09,88.37,-64,1,25.15,0.98,20
2026-06-06T11:00:00+00:00,11,5,1,0.98,27.55,82.96,-64,5,23.93,0.98,20
2026-06-06T11:30:00+00:00,11,5,1,0.98,32.39,86.97,-62,7,46.2,0.98,20
2026-06-06T12:00:00+00:00,12,5,1,0.98,31.12,89.45,-74,4,14.13,0.98,20
2026-06-06T12:30:00+00:00,12,5,1,0.98,25.37,79.25,-63,4,29.06,0.98,20
2026-06-06T13:00:00+00:00,13,5,1,0.98,27.91,88.23,-66,1,32.15,0.98,20
2026-06-06T13:30:00+00:00,13,5,1,0.98,28.88,90.29,-54,7,22.2,0.98,20
2026-06-06T14:00:00+00:00,14,5,1,0.98,24.51,85.88,-62,4,32.52,0.98,20
2026-06-06T14:30:00+00:00,14,5,1,0.98,18.47,92.05,-60,2,28.96,0.98,20
2026-06-06T15:00:00+00:00,15,5,1,0.98,22.3,91.42,-58,4,18.7,0.98,20
2026-06-06T15:30:00+00:00,15,5,1,0.98,19.68,74.26,-68,4,9.95,0.98,20
2026-06-06T16:00:00+00:00,16,5,1,0.98,19.84,67.19,-66,4,25.71,0.98,20
2026-06-06T16:30:00+00:00,16,5,1,0.98,23.35,81.94,-68,3,24.86,0.98,20
2026-06-06T17:00:00+00:00,17,5,1,0.98,19.67,74.69,-66,6,21.64,0.98,20
2026-06-06T17:30:00+00:00,17,5,1,0.98,18.63,79.02,-71,2,8.0,0.98,20
2026-06-06T18:00:00+00:00,18,5,1,0.98,17.83,69.94,-71,5,8.18,0.98,20
2026-06-06T18:30:00+00:00,18,5,1,0.98,25.82,68.57,-72,6,41.34,0.98,20
2026-06-06T19:00:00+00:00,19,5,1,0.98,25.11,93.1,-63,3,19.56,0.8574,20
2026-06-06T19:30:00+00:00,19,5,1,0.8574,208.2,87.0,-61,4,209.23,0.8015,17
2026-06-06T20:00:00+00:00,20,5,1,0.8015,131.58,85.77,-66,3,132.88,0.7004,16
2026-06-06T20:30:00+00:00,20,5,1,0.7004,19.06,87.84,-73,5,19.13,0.6111,14
2026-06-06T21:00:00+00:00,21,5,1,0.6111,177.87,80.92,-74,4,182.72,0.5009,12
2026-06-06T21:30:00+00:00,21,5,1,0.5009,130.41,89.68,-65,2,128.35,0.4675,10
2026-06-06T22:00:00+00:00,22,5,1,0.4675,170.65,75.53,-66,4,162.49,0.4222,9
2026-06-06T22:30:00+00:00,22,5,1,0.4222,24.9,63.42,-73,9,28.82,0.2586,8
2026-06-06T23:00:00+00:00,23,5,1,0.2586,200.42,87.82,-69,5,212.5,0.2933,5
2026-06-06T23:30:00+00:00,23,5,1,0.2933,178.14,93.67,-75,8,175.77,0.2635,6
2026-06-07T00:00:00+00:00,0,6,1,0.2635,182.76,82.54,-61,4,173.35,0.2147,5
2026-06-07T00:30:00+00:00,0,6,1,0.2147,150.04,85.31,-61,1,140.18,0.1467,4
2026-06-07T01:00:00+00:00,1,6,1,0.1467,204.74,74.36,-84,1,206.99,0.1468,3
2026-06-07T01:30:00+00:00,1,6,1,0.1468,179.17,85.11,-60,7,179.88,0.0511,3
2026-06-07T02:00:00+00:00,2,6,1,0.0511,156.17,85.28,-64,4,149.59,0.05,1
2026-06-07T02:30:00+00:00,2,6,1,0.05,171.52,98.2,-67,3,181.12,0.05,1
2026-06-07T03:00:00+00:00,3,6,1,0.05,186.68,95.35,-68,1,195.89,0.05,1
2026-06-07T03:30:00+00:00,3,6,1,0.05,189.66,92.24,-64,1,188.74,0.05,1
2026-06-07T04:00:00+00:00,4,6,1,0.05,203.84,83.64,-74,8,195.32,0.072,1
2026-06-07T04:30:00+00:00,4,6,1,0.072,189.95,86.68,-42,8,189.18,0.05,1
2026-06-07T05:00:00+00:00,5,6,1,0.05,195.52,67.37,-77,4,197.13,0.05,1
2026-06-07T05:30:00+00:00,5,6,1,0.05,170.94,93.62,-61,4,163.37,0.05,1
2026-06-07T06:00:00+00:00,6,6,1,0.05,148.03,87.27,-69,9,143.72,0.0828,1
2026-06-07T06:30:00+00:00,6,6,1,0.0828,139.45,87.93,-49,5,137.11,0.05,2
2026-06-07T07:00:00+00:00,7,6,1,0.05,154.19,77.24,-67,7,160.45,0.1497,1
2026-06-07T07:30:00+00:00,7,6,1,0.1497,166.27,80.75,-48,8,168.59,0.3524,3
2026-06-07T08:00:00+00:00,8,6,1,0.3524,215.5,61.56,-72,2,218.03,0.5569,7
2026-06-07T08:30:00+00:00,8,6,1,0.5569,166.4,83.25,-66,5,163.08,0.7123,11
2026-06-07T09:00:00+00:00,9,6,1,0.7123,152.78,88.49,-63,6,160.07,0.8071,14
2026-06-07T09:30:00+00:00,9,6,1,0.8071,130.43,69.87,-74,6,134.55,0.8895,16
2026-06-07T10:00:00+00:00,10,6,1,0.8895,166.98,83.33,-64,4,176.51,0.8963,18
2026-06-07T10:30:00+00:00,10,6,1,0.8963,26.16,86.49,-54,4,20.98,0.9151,18
2026-06-07T11:00:00+00:00,11,6,1,0.9151,25.31,84.28,-83,8,32.31,0.955,18
2026-06-07T11:30:00+00:00,11,6,1,0.955,18.43,85.12,-71,5,9.65,0.98,19
2026-06-07T12:00:00+00:00,12,6,1,0.98,21.65,83.17,-65,7,28.06,0.98,20
2026-06-07T12:30:00+00:00,12,6,1,0.98,25.38,77.08,-50,4,22.33,0.98,20
2026-06-07T13:00:00+00:00,13,6,1,0.98,26.93,67.42,-66,1,37.65,0.98,20
2026-06-07T13:30:00+00:00,13,6,1,0.98,23.46,68.07,-68,11,23.49,0.98,20
2026-06-07T14:00:00+00:00,14,6,1,0.98,22.24,88.86,-54,7,13.56,0.98,20
2026-06-07T14:30:00+00:00,14,6,1,0.98,20.75,78.46,-61,1,8.56,0.98,20
2026-06-07T15:00:00+00:00,15,6,1,0.98,22.22,96.01,-73,6,22.76,0.98,20
2026-06-07T15:30:00+00:00,15,6,1,0.98,16.76,70.92,-68,3,9.84,0.98,20
2026-06-07T16:00:00+00:00,16,6,1,0.98,25.7,81.69,-73,4,27.47,0.98,20
2026-06-07T16:30:00+00:00,16,6,1,0.98,23.42,85.07,-65,5,46.74,0.98,20
2026-06-07T17:00:00+00:00,17,6,1,0.98,22.34,88.08,-71,5,8.0,0.98,20
2026-06-07T17:30:00+00:00,17,6,1,0.98,19.67,94.44,-63,6,20.85,0.98,20
2026-06-07T18:00:00+00:00,18,6,1,0.98,22.32,72.85,-54,4,29.21,0.98,20
2026-06-07T18:30:00+00:00,18,6,1,0.98,16.92,87.93,-61,3,22.24,0.98,20
2026-06-07T19:00:00+00:00,19,6,1,0.98,27.27,75.84,-72,1,31.41,0.9107,20
2026-06-07T19:30:00+00:00,19,6,1,0.9107,26.63,89.21,-49,4,39.3,0.8232,18
2026-06-07T20:00:00+00:00,20,6,1,0.8232,28.0,80.18,-58,1,28.88,0.6647,16
2026-06-07T20:30:00+00:00,20,6,1,0.6647,27.34,88.4,-76,5,21.82,0.5858,13
2026-06-07T21:00:00+00:00,21,6,1,0.5858,28.52,84.47,-56,10,38.83,0.5375,12
2026-06-07T21:30:00+00:00,21,6,1,0.5375,181.24,85.02,-63,4,188.66,0.3547,11
2026-06-07T22:00:00+00:00,22,6,1,0.3547,22.51,91.05,-62,2,14.32,0.2283,7
2026-06-07T22:30:00+00:00,22,6,1,0.2283,196.53,78.35,-67,1,203.07,0.2149,5
2026-06-07T23:00:00+00:00,23,6,1,0.2149,29.6,83.23,-61,7,26.72,0.1758,4
2026-06-07T23:30:00+00:00,23,6,1,0.1758,192.07,79.91,-63,2,185.38,0.1727,4
2026-06-08T00:00:00+00:00,0,0,0,0.1727,163.19,69.82,-48,6,155.59,0.0977,3
2026-06-08T00:30:00+00:00,0,0,0,0.0977,188.7,74.13,-70,6,210.3,0.05,2
2026-06-08T01:00:00+00:00,1,0,0,0.05,173.41,71.31,-60,2,181.33,0.05,1
2026-06-08T01:30:00+00:00,1,0,0,0.05,204.96,80.56,-70,5,223.24,0.05,1
2026-06-08T02:00:00+00:00,2,0,0,0.05,16.85,95.7,-75,5,14.92,0.05,1
2026-06-08T02:30:00+00:00,2,0,0,0.05,150.91,80.59,-73,2,148.79,0.05,1
2026-06-08T03:00:00+00:00,3,0,0,0.05,164.14,89.85,-50,2,152.58,0.05,1
2026-06-08T03:30:00+00:00,3,0,0,0.05,197.51,76.02,-62,6,186.4,0.0715,1
2026-06-08T04:00:00+00:00,4,0,0,0.0715,179.98,78.53,-61,6,173.01,0.0709,1
2026-06-08T04:30:00+00:00,4,0,0,0.0709,187.85,87.37,-67,5,194.96,0.0691,1
2026-06-08T05:00:00+00:00,5,0,0,0.0691,222.94,77.24,-51,7,232.66,0.05,1
2026-06-08T05:30:00+00:00,5,0,0,0.05,186.6,94.94,-76,7,184.6,0.05,1
2026-06-08T06:00:00+00:00,6,0,0,0.05,196.55,90.68,-69,6,200.61,0.0716,1
2026-06-08T06:30:00+00:00,6,0,0,0.0716,179.86,76.86,-65,5,176.95,0.0582,1
2026-06-08T07:00:00+00:00,7,0,0,0.0582,23.21,93.33,-72,6,26.51,0.257,1
2026-06-08T07:30:00+00:00,7,0,0,0.257,136.46,85.08,-60,4,136.33,0.4229,5
2026-06-08T08:00:00+00:00,8,0,0,0.4229,156.45,79.99,-78,3,163.73,0.5649,8
2026-06-08T08:30:00+00:00,8,0,0,0.5649,29.12,76.6,-73,3,37.64,0.7288,11
2026-06-08T09:00:00+00:00,9,0,0,0.7288,26.32,81.24,-63,3,29.05,0.9091,15
2026-06-08T09:30:00+00:00,9,0,0,0.9091,17.24,83.65,-56,5,16.74,0.98,18
2026-06-08T10:00:00+00:00,10,0,0,0.98,14.32,89.24,-61,3,13.62,0.98,20
2026-06-08T10:30:00+00:00,10,0,0,0.98,24.02,86.7,-71,6,16.74,0.98,20
2026-06-08T11:00:00+00:00,11,0,0,0.98,20.55,84.37,-79,4,18.98,0.98,20
2026-06-08T11:30:00+00:00,11,0,0,0.98,28.44,75.86,-74,1,33.86,0.98,20
2026-06-08T12:00:00+00:00,12,0,0,0.98,28.15,89.55,-68,4,26.79,0.98,20
2026-06-08T12:30:00+00:00,12,0,0,0.98,24.6,81.84,-72,6,40.84,0.98,20
2026-06-08T13:00:00+00:00,13,0,0,0.98,15.14,90.16,-76,4,19.65,0.98,20
2026-06-08T13:30:00+00:00,13,0,0,0.98,20.77,79.45,-78,3,24.95,0.98,20
2026-06-08T14:00:00+00:00,14,0,0,0.98,20.11,75.46,-55,3,20.55,0.98,20
2026-06-08T14:30:00+00:00,14,0,0,0.98,26.6,91.36,-79,5,27.83,0.98,20
2026-06-08T15:00:00+00:00,15,0,0,0.98,28.75,76.94,-77,1,44.58,0.98,20
2026-06-08T15:30:00+00:00,15,0,0,0.98,24.03,94.08,-76,4,17.09,0.98,20
2026-06-08T16:00:00+00:00,16,0,0,0.98,19.61,83.38,-64,2,17.88,0.98,20
2026-06-08T16:30:00+00:00,16,0,0,0.98,27.06,90.85,-67,3,26.78,0.98,20
2026-06-08T17:00:00+00:00,17,0,0,0.98,21.83,72.34,-63,6,27.04,0.98,20
2026-06-08T17:30:00+00:00,17,0,0,0.98,17.1,76.52,-64,5,14.65,0.98,20
2026-06-08T18:00:00+00:00,18,0,0,0.98,28.06,90.63,-64,2,33.06,0.98,20
2026-06-08T18:30:00+00:00,18,0,0,0.98,21.34,78.98,-54,5,13.23,0.98,20
2026-06-08T19:00:00+00:00,19,0,0,0.98,30.88,100.0,-52,6,31.65,0.9109,20
2026-06-08T19:30:00+00:00,19,0,0,0.9109,19.66,77.88,-62,4,26.91,0.7365,18
2026-06-08T20:00:00+00:00,20,0,0,0.7365,28.75,76.52,-65,3,22.97,0.5859,15
2026-06-08T20:30:00+00:00,20,0,0,0.5859,27.34,76.07,-63,6,26.42,0.4747,12
2026-06-08T21:00:00+00:00,21,0,0,0.4747,20.19,91.24,-79,1,21.1,0.3652,9
2026-06-08T21:30:00+00:00,21,0,0,0.3652,205.17,76.05,-64,3,189.04,0.1829,7
2026-06-08T22:00:00+00:00,22,0,0,0.1829,191.9,93.73,-62,7,191.0,0.073,4
2026-06-08T22:30:00+00:00,22,0,0,0.073,22.32,86.52,-63,1,15.96,0.05,1
2026-06-08T23:00:00+00:00,23,0,0,0.05,164.26,91.62,-70,5,177.87,0.05,1
2026-06-08T23:30:00+00:00,23,0,0,0.05,186.58,67.63,-71,5,168.91,0.05,1
2026-06-09T00:00:00+00:00,0,1,0,0.05,205.43,78.3,-65,6,220.25,0.05,1
2026-06-09T00:30:00+00:00,0,1,0,0.05,30.91,89.19,-81,5,32.13,0.05,1
2026-06-09T01:00:00+00:00,1,1,0,0.05,174.95,83.29,-72,6,175.19,0.05,1
2026-06-09T01:30:00+00:00,1,1,0,0.05,191.45,88.31,-65,4,192.59,0.05,1
2026-06-09T02:00:00+00:00,2,1,0,0.05,184.58,86.23,-55,2,177.54,0.05,1
2026-06-09T02:30:00+00:00,2,1,0,0.05,155.7,66.66,-66,3,163.65,0.05,1
2026-06-09T03:00:00+00:00,3,1,0,0.05,171.63,70.82,-72,3,168.39,0.0506,1
2026-06-09T03:30:00+00:00,3,1,0,0.0506,196.58,97.06,-63,3,191.45,0.05,1
2026-06-09T04:00:00+00:00,4,1,0,0.05,202.99,77.34,-68,5,213.6,0.05,1
2026-06-09T04:30:00+00:00,4,1,0,0.05,158.0,85.26,-61,6,168.56,0.05,1
2026-06-09T05:00:00+00:00,5,1,0,0.05,162.16,72.51,-65,4,175.77,0.05,1
2026-06-09T05:30:00+00:00,5,1,0,0.05,187.82,88.72,-67,6,183.65,0.05,1
2026-06-09T06:00:00+00:00,6,1,0,0.05,187.66,89.2,-59,5,184.14,0.05,1
2026-06-09T06:30:00+00:00,6,1,0,0.05,177.4,87.6,-55,7,172.14,0.05,1
2026-06-09T07:00:00+00:00,7,1,0,0.05,143.07,75.19,-71,3,149.44,0.2217,1
2026-06-09T07:30:00+00:00,7,1,0,0.2217,213.82,68.39,-61,6,202.65,0.4611,4
2026-06-09T08:00:00+00:00,8,1,0,0.4611,185.34,91.13,-59,4,184.91,0.6807,9
2026-06-09T08:30:00+00:00,8,1,0,0.6807,198.99,89.7,-49,7,186.76,0.9304,14
2026-06-09T09:00:00+00:00,9,1,0,0.9304,27.42,96.69,-62,4,25.8,0.98,19
2026-06-09T09:30:00+00:00,9,1,0,0.98,26.7,84.99,-79,6,17.87,0.98,20
2026-06-09T10:00:00+00:00,10,1,0,0.98,27.95,80.05,-73,5,17.47,0.98,20
2026-06-09T10:30:00+00:00,10,1,0,0.98,22.66,99.84,-56,1,40.38,0.98,20
2026-06-09T11:00:00+00:00,11,1,0,0.98,22.84,96.84,-65,5,15.64,0.98,20
2026-06-09T11:30:00+00:00,11,1,0,0.98,31.73,76.69,-63,8,36.46,0.98,20
2026-06-09T12:00:00+00:00,12,1,0,0.98,25.71,68.51,-53,2,35.69,0.98,20
2026-06-09T12:30:00+00:00,12,1,0,0.98,19.15,76.16,-63,3,10.43,0.98,20
2026-06-09T13:00:00+00:00,13,1,0,0.98,24.5,75.54,-91,8,24.67,0.98,20
2026-06-09T13:30:00+00:00,13,1,0,0.98,156.41,82.13,-46,5,152.73,0.98,20
2026-06-09T14:00:00+00:00,14,1,0,0.98,19.46,88.71,-64,5,29.47,0.98,20
2026-06-09T14:30:00+00:00,14,1,0,0.98,30.76,87.61,-56,3,34.74,0.98,20
2026-06-09T15:00:00+00:00,15,1,0,0.98,27.51,93.97,-49,2,18.54,0.98,20
2026-06-09T15:30:00+00:00,15,1,0,0.98,23.5,83.15,-60,3,28.36,0.98,20
2026-06-09T16:00:00+00:00,16,1,0,0.98,17.99,95.9,-87,3,8.0,0.98,20
2026-06-09T16:30:00+00:00,16,1,0,0.98,25.78,87.57,-66,2,13.39,0.98,20
2026-06-09T17:00:00+00:00,17,1,0,0.98,20.92,92.38,-61,7,20.55,0.98,20
2026-06-09T17:30:00+00:00,17,1,0,0.98,25.26,76.52,-59,5,20.52,0.98,20
2026-06-09T18:00:00+00:00,18,1,0,0.98,23.34,78.48,-64,6,13.02,0.98,20
2026-06-09T18:30:00+00:00,18,1,0,0.98,21.17,72.27,-59,4,23.46,0.98,20
2026-06-09T19:00:00+00:00,19,1,0,0.98,210.69,89.73,-56,9,214.55,0.8743,20
2026-06-09T19:30:00+00:00,19,1,0,0.8743,21.73,83.18,-63,5,24.04,0.7847,17
2026-06-09T20:00:00+00:00,20,1,0,0.7847,19.73,86.35,-70,1,8.42,0.6654,16
2026-06-09T20:30:00+00:00,20,1,0,0.6654,22.24,81.65,-60,4,27.53,0.5459,13
2026-06-09T21:00:00+00:00,21,1,0,0.5459,21.34,74.06,-48,7,33.65,0.4858,11
2026-06-09T21:30:00+00:00,21,1,0,0.4858,27.26,74.27,-66,6,29.9,0.3821,10
2026-06-09T22:00:00+00:00,22,1,0,0.3821,177.0,88.55,-66,5,169.85,0.234,8
2026-06-09T22:30:00+00:00,22,1,0,0.234,165.64,79.17,-54,2,174.65,0.1926,5
2026-06-09T23:00:00+00:00,23,1,0,0.1926,204.27,85.87,-62,5,207.11,0.1803,4
2026-06-09T23:30:00+00:00,23,1,0,0.1803,178.37,80.86,-60,4,180.55,0.0899,4
2026-06-10T00:00:00+00:00,0,2,0,0.0899,179.93,75.45,-66,6,184.26,0.0683,2
2026-06-10T00:30:00+00:00,0,2,0,0.0683,188.8,61.1,-68,2,188.75,0.05,1
2026-06-10T01:00:00+00:00,1,2,0,0.05,177.84,67.72,-61,5,183.36,0.05,1
2026-06-10T01:30:00+00:00,1,2,0,0.05,177.67,88.34,-60,3,178.43,0.05,1
2026-06-10T02:00:00+00:00,2,2,0,0.05,195.38,84.92,-63,3,188.85,0.05,1
2026-06-10T02:30:00+00:00,2,2,0,0.05,152.78,82.49,-71,4,154.19,0.05,1
2026-06-10T03:00:00+00:00,3,2,0,0.05,218.62,80.86,-71,3,208.91,0.05,1
2026-06-10T03:30:00+00:00,3,2,0,0.05,218.99,66.89,-69,6,214.6,0.05,1
2026-06-10T04:00:00+00:00,4,2,0,0.05,194.76,79.35,-71,1,195.72,0.0802,1
2026-06-10T04:30:00+00:00,4,2,0,0.0802,195.2,83.29,-63,7,179.49,0.0638,2
2026-06-10T05:00:00+00:00,5,2,0,0.0638,153.15,84.14,-80,6,151.31,0.0563,1
2026-06-10T05:30:00+00:00,5,2,0,0.0563,140.01,94.13,-57,2,137.56,0.05,1
2026-06-10T06:00:00+00:00,6,2,0,0.05,228.13,74.58,-64,6,225.27,0.05,1
2026-06-10T06:30:00+00:00,6,2,0,0.05,179.02,73.79,-64,2,175.72,0.05,1
2026-06-10T07:00:00+00:00,7,2,0,0.05,168.04,71.34,-66,5,175.37,0.2367,1
2026-06-10T07:30:00+00:00,7,2,0,0.2367,157.69,70.68,-65,2,153.44,0.4141,5
2026-06-10T08:00:00+00:00,8,2,0,0.4141,23.99,82.68,-73,3,28.26,0.6257,8
2026-06-10T08:30:00+00:00,8,2,0,0.6257,26.04,87.4,-68,3,30.02,0.7558,13
2026-06-10T09:00:00+00:00,9,2,0,0.7558,21.16,66.74,-68,3,11.59,0.98,15
2026-06-10T09:30:00+00:00,9,2,0,0.98,20.86,83.39,-56,6,26.78,0.98,20
2026-06-10T10:00:00+00:00,10,2,0,0.98,15.09,71.36,-60,6,21.98,0.98,20
2026-06-10T10:30:00+00:00,10,2,0,0.98,22.32,72.12,-63,7,35.73,0.98,20
2026-06-10T11:00:00+00:00,11,2,0,0.98,24.49,80.65,-70,5,17.76,0.98,20
2026-06-10T11:30:00+00:00,11,2,0,0.98,19.05,88.43,-69,5,33.16,0.98,20
2026-06-10T12:00:00+00:00,12,2,0,0.98,27.4,86.34,-45,6,27.67,0.98,20
2026-06-10T12:30:00+00:00,12,2,0,0.98,32.71,85.04,-74,4,27.57,0.98,20
2026-06-10T13:00:00+00:00,13,2,0,0.98,21.43,73.45,-67,5,29.44,0.98,20
2026-06-10T13:30:00+00:00,13,2,0,0.98,15.69,94.98,-78,3,14.18,0.98,20
